Shopify SKU,Shopify Product ID,Product Type,Supplier Name - Vendor 1,Vendor Sub Brand,Decorator Name - Vendor 2,Variant Size,Variant Color,Supplier Product Name,Keepers Collective Product Name,Supplier SKU,One Time Set Up Fee,Recurring Set Up Fee,Quote Number,Keepers Collective Product Shot Link,Inventory on Hand,Enforced Multiple Quantity,Base Lead Time,Start Production,End Production,Additional Lead Time Notes,Different cost based on quantity?,Ship to (AU or Customer),Proof Number,Straight Up/Keepers Collective Proof Link,Logo Name,Logo Color,Logo Size,Decoration Location,Decoration Type,Artwork/Vector Link,Supplier Decorated or Blank Product,Minimum Order Quantity,Maximum Order Quantity,Volume Quantity_1,Total Wholesale Cost Per Item_1,Decorator Cost Per Item_1,Supplier Cost Per Item_1,Sale Price Per Item_1,Volume Quantity_2,Total Wholesale Cost Per Item_2,Decorator Cost Per Item_2,Supplier Cost Per Item_2,Sale Price Per Item_2,Volume Quantity_3,Total Wholesale Cost Per Item_3,Decorator Cost Per Item_3,Supplier Cost Per Item_3,Sale Price Per Item_3,Volume Quantity_4,Total Wholesale Cost Per Item_4,Decorator Cost Per Item_4,Supplier Cost Per Item_4,Sale Price Per Item_4,Volume Quantity_5,Total Wholesale Cost Per Item_5,Decorator Cost Per Item_5,Supplier Cost Per Item_5,Sale Price Per Item_5
J-01-0-30_536-EC8052-Black-0-E-STD-W,4569450905658,Supplier/Decorator,Alphabroder ,Econscious,Art Unlimited,,Black,Econscious Organic Cotton Go Lite Tote,Organic Cotton Go Lite Tote | J.P. Morgan,EC8052,,,,https://cdn.shopify.com/s/files/1/0258/0883/0522/products/J-01-0-30_536-EC8052-Black-0-E-STD-WE.jpg?v=1602214343,,,7-10 Business Days,7 Business Days ,10 Business Days,,,AU,,https://cdn.shopify.com/s/files/1/0258/0883/0522/files/JPM_Black_Organic_Cotton_Go_Lite_Tote__C21009_Black_2.jpg?v=1610120632,J.P. Morgan,White,See Proof,See Proof,Embroidery,https://cdn.shopify.com/s/files/1/0258/0883/0522/files/JPMORGAN_WHITE.pdf?v=1608221527,Supplier Decorated,6,200,6,4.70,1.50,3.20,7.23,24,4.70,1.50,3.20,7.01,48,4.70,1.50,3.20,6.71,100,4.70,1.50,3.20,6.44,200,4.70,1.50,3.20,6.27
J-01-0-30_536-EC8052-Natural-0-E-STD-BLK,4569450905658,Supplier/Decorator,Alphabroder ,Econscious,Art Unlimited,,Natural,Econscious Organic Cotton Go Lite Tote,Organic Cotton Go Lite Tote | J.P. Morgan,EC8052,,,,https://cdn.shopify.com/s/files/1/0258/0883/0522/products/J-01-0-30_536-EC8052-Natural-0-E-STD-BLKE.jpg?v=1602214344,,,7-10 Business Days,7 Business Days ,10 Business Days,,,AU,,https://cdn.shopify.com/s/files/1/0258/0883/0522/files/JPM_Black_Organic_Cotton_Go_Lite_Tote__C21009_Black_1.jpg?v=1610120631,J.P. Morgan,Black,See Proof,See Proof,Embroidery,https://cdn.shopify.com/s/files/1/0258/0883/0522/files/JPMORGAN_BLACK.pdf?v=1608221527,Supplier Decorated,6,200,6,4.70,1.50,3.20,7.23,24,4.70,1.50,3.20,7.01,48,4.70,1.50,3.20,6.71,100,4.70,1.50,3.20,6.44,200,4.70,1.50,3.20,6.27
C-01-0-30_536-EC8052-Black-0-E-STD-B,4498246107194,Supplier/Decorator,Alphabroder ,Econscious,Art Unlimited,,Black,Econscious Organic Cotton Go Lite Tote,Organic Cotton Go Lite Tote | Chase,EC8052,,,,https://cdn.shopify.com/s/files/1/0258/0883/0522/products/C-01-0-30_536-EC8052-Black-0-E-STD-WE.jpg?v=1602214248,,,7-10 Business Days,7 Business Days ,10 Business Days,,,AU,,https://cdn.shopify.com/s/files/1/0258/0883/0522/files/Chase_Black_Organic_Cotton_Go_Lite_Tote__C21009_PMS300C.jpg?v=1610120631,Octagon,PMS 300,See Proof,See Proof ,Embroidery,https://cdn.shopify.com/s/files/1/0258/0883/0522/files/CHASE_OCTAGON_BLUE.pdf?v=1608223848,Supplier Decorated,6,200,6,4.70,1.50,3.20,7.23,24,4.70,1.50,3.20,7.01,48,4.70,1.50,3.20,6.71,100,4.70,1.50,3.20,6.44,200,4.70,1.50,3.20,6.27
C-01-0-30_536-EC8052-Natural-0-E-STD-B,4498246107194,Supplier/Decorator,Alphabroder ,Econscious,Art Unlimited,,Natural,Econscious Organic Cotton Go Lite Tote,Organic Cotton Go Lite Tote | Chase,EC8052,,,,https://cdn.shopify.com/s/files/1/0258/0883/0522/products/C-01-0-30_536-EC8052-Natural-0-E-STD-BLKE.jpg?v=1602214248,,,7-10 Business Days,7 Business Days ,10 Business Days,,,AU,,https://cdn.shopify.com/s/files/1/0258/0883/0522/files/Chase_Natural_Organic_Cotton_Go_Lite_Tote__C21009_PMS300C.jpg?v=1610120631,Octagon,PMS 300,See Proof,See Proof ,Embroidery,https://cdn.shopify.com/s/files/1/0258/0883/0522/files/CHASE_OCTAGON_BLUE.pdf?v=1608223848,Supplier Decorated,6,200,6,4.70,1.50,3.20,7.23,24,4.70,1.50,3.20,7.01,48,4.70,1.50,3.20,6.71,100,4.70,1.50,3.20,6.44,200,4.70,1.50,3.20,6.27
J-01-0-30_536-EC8015-Black-0-E-STD-WE,4569440452666,Supplier/Decorator,Alphabroder ,Econscious,Art Unlimited,,Black,Econscious 6.8 oz Hemp Market Tote,Hemp Market Tote | J.P. Morgan,EC8015,,,,https://cdn.shopify.com/s/files/1/0258/0883/0522/products/J-01-0-30_536-EC8015-Black-0-E-STD-WE.jpg?v=1603984369,,,7-10 Business Days,7 Business Days ,10 Business Days,,,AU,,https://cdn.shopify.com/s/files/1/0258/0883/0522/files/JPM_Black__Hemp_Market_Tote_C210010_White_1.jpg?v=1610126126,J.P. Morgan,White,See Proof,See Proof,Embroidery,https://cdn.shopify.com/s/files/1/0258/0883/0522/files/JPMORGAN_WHITE.pdf?v=1608221527,Supplier Decorated,6,200,6,8.70,1.50,7.20,13.38,24,8.70,1.50,7.20,12.99,48,8.70,1.50,7.20,12.43,100,8.70,1.50,7.20,11.92,200,8.70,1.50,7.20,11.60
 J-01-0-30_536-EC8015-Charcoal-0-E-STD-WE,4569440452666,Supplier/Decorator,Alphabroder ,Econscious,Art Unlimited,,Charcoal,Econscious 6.8 oz Hemp Market Tote,Hemp Market Tote | J.P. Morgan,EC8015,,,,https://cdn.shopify.com/s/files/1/0258/0883/0522/products/J-01-0-30_536-EC8015-Charcoal-0-E-STD-WE.jpg?v=1603984372,,,7-10 Business Days,7 Business Days ,10 Business Days,,,AU,,https://cdn.shopify.com/s/files/1/0258/0883/0522/files/Chase_Charcoal__Hemp_Market_Tote_C210011_White.jpg?v=1610126406,J.P. Morgan,White,See Proof,See Proof,Embroidery,https://cdn.shopify.com/s/files/1/0258/0883/0522/files/JPMORGAN_WHITE.pdf?v=1608221527,Supplier Decorated,6,200,6,8.70,1.50,7.20,13.38,24,8.70,1.50,7.20,12.99,48,8.70,1.50,7.20,12.43,100,8.70,1.50,7.20,11.92,200,8.70,1.50,7.20,11.60
 J-01-0-30_536-EC8015-Natural-0-E-STD-BLKE,4569440452666,Supplier/Decorator,Alphabroder ,Econscious,Art Unlimited,,Natural,Econscious 6.8 oz Hemp Market Tote,Hemp Market Tote | J.P. Morgan,EC8015,,,,https://cdn.shopify.com/s/files/1/0258/0883/0522/products/J-01-0-30_536-EC8015-Natural-0-E-STD-BLKE.jpg?v=1603984376,,,7-10 Business Days,7 Business Days ,10 Business Days,,,AU,,https://cdn.shopify.com/s/files/1/0258/0883/0522/files/JPM_Natural__Hemp_Market_Tote_C210010_Black_1.jpg?v=1610126126,J.P. Morgan,Black,See Proof,See Proof,Embroidery,https://cdn.shopify.com/s/files/1/0258/0883/0522/files/JPMORGAN_BLACK.pdf?v=1608221527,Supplier Decorated,6,200,6,8.70,1.50,7.20,13.38,24,8.70,1.50,7.20,12.99,48,8.70,1.50,7.20,12.43,100,8.70,1.50,7.20,11.92,200,8.70,1.50,7.20,11.60
 J-01-0-30_536-EC8015-Navy-0-E-STD-WE,4569440452666,Supplier/Decorator,Alphabroder ,Econscious,Art Unlimited,,Navy,Econscious 6.8 oz Hemp Market Tote,Hemp Market Tote | J.P. Morgan,EC8015,,,,https://cdn.shopify.com/s/files/1/0258/0883/0522/products/J-01-0-30_536-EC8015-Navy-0-E-STD-WE.jpg?v=1603984376,,,7-10 Business Days,7 Business Days ,10 Business Days,,,AU,,https://cdn.shopify.com/s/files/1/0258/0883/0522/files/JPM_Natural__Hemp_Market_Tote_C210010_Black_2.jpg?v=1610126126,J.P. Morgan,White,See Proof,See Proof,Embroidery,https://cdn.shopify.com/s/files/1/0258/0883/0522/files/JPMORGAN_WHITE.pdf?v=1608221527,Supplier Decorated,6,200,6,8.70,1.50,7.20,13.38,24,8.70,1.50,7.20,12.99,48,8.70,1.50,7.20,12.43,100,8.70,1.50,7.20,11.92,200,8.70,1.50,7.20,11.60
J-01-0-173-Shoretex_Daypack-Baltic Black -0-E-STD-WE,4585301049402,Supplier/Decorator,Solgaard,Solgaard,Art Unlimited,,Baltic Black ,Shoretex Daypack,Shore-Tex Daypack | J.P. Morgan,,$22.00 ,,,https://cdn.shopify.com/s/files/1/0258/0883/0522/products/J-01-0-173-Shoretex_Daypack-BalticBlack-0-E-STD-WE.jpg?v=1604347874,200,,2-3 Weeks,14 Days,21 Days,,,AU,,https://cdn.shopify.com/s/files/1/0258/0883/0522/files/JPM_Black_Daypack_C210011_White.jpg?v=1611074925,J.P. Morgan,White,See Proof,See Proof,Embroidery,https://cdn.shopify.com/s/files/1/0258/0883/0522/files/JPMORGAN_WHITE.pdf?v=1608221527,Supplier Decorated,25,100,25,51.50,1.50,50.00,70.55,50,51.50,1.50,50.00,68.67,100,51.50,1.50,50.00,66.88,,,,,,,,,,
C-01-0-173-Shoretex_Daypack-Baltic Black -0-E-STD-WE,4585296527418,Supplier/Decorator,Solgaard,Solgaard,Art Unlimited,,Baltic Black ,Shoretex Daypack,Shore-Tex Daypack | Chase,,$22.00 ,,,https://cdn.shopify.com/s/files/1/0258/0883/0522/products/C-01-0-173-Shoretex_Daypack-BalticBlack-0-E-STD-WE_0d0754f7-f6ad-47e2-bef1-d791efc0499d.jpg?v=1604347831,200,,2-3 Weeks,14 Days,21 Days,,,AU,,https://cdn.shopify.com/s/files/1/0258/0883/0522/files/Chase_Black_Daypack_C210010_White.jpg?v=1611074925,Chase Octagon,White,See Proof,See Proof,Embroidery,https://cdn.shopify.com/s/files/1/0258/0883/0522/files/CHASE_WHITE.pdf?v=1608221527,Supplier Decorated,25,100,25,51.50,1.50,50.00,70.55,50,51.50,1.50,50.00,68.67,100,51.50,1.50,50.00,66.88,,,,,,,,,,
 C-01-0-173-Shoretex_Daypack-Antlantic Blue -0-E-STD-WE,4585296527418,Supplier/Decorator,Solgaard,Solgaard,Art Unlimited,,Antlantic Blue ,Shoretex Daypack,Shore-Tex Daypack | Chase,,$22.00 ,,,https://cdn.shopify.com/s/files/1/0258/0883/0522/products/C-01-0-173-Shoretex_Daypack-AntlanticBlue-0-E-STD-WE.jpg?v=1604347831,200,,2-3 Weeks,14 Days,21 Days,,,AU,,https://cdn.shopify.com/s/files/1/0258/0883/0522/files/Chase_Atlantic_Blue_Daypack_C210010_White.jpg?v=1611074925,Chase Octagon,White,See Proof,See Proof,Embroidery,https://cdn.shopify.com/s/files/1/0258/0883/0522/files/CHASE_WHITE.pdf?v=1608221527,Supplier Decorated,25,100,25,51.50,1.50,50.00,70.55,50,51.50,1.50,50.00,68.67,100,51.50,1.50,50.00,66.88,,,,,,,,,,
J-08-2-175-70080_King-Grey Heather -0-E-STD-BLKE,4584645165114,Supplier/Decorator,Pendleton,Pendleton,Art Unlimited,King,Grey Heather ,Eco-Wise Wool Solid Blanket,Eco-Wise Wool Solid Blanket - King | J.P. Morgan,70080_King,,,,https://cdn.shopify.com/s/files/1/0258/0883/0522/products/J-08-2-175-70080_King-GreyHeather-0-E-STD-BLKE.jpg?v=1603987480,,,2-3 Weeks,14 Days,21 Days,,,AU,,https://cdn.shopify.com/s/files/1/0258/0883/0522/files/JPM_Grey_HEATHER_BLANKET_C210010_Black.jpg?v=1610570736,J.P. Morgan,Black,See Proof,See Proof,Embroidery ,https://cdn.shopify.com/s/files/1/0258/0883/0522/files/JPMORGAN_BLACK.pdf?v=1608221527,Supplier Decorated,1,1,1,175.80,1.50,174.30,228.31,,,,,,,,,,,,,,,,,,,,
 J-08-0-175-70080_King-White-0-E-STD-BLKE,4584645165114,Supplier/Decorator,Pendleton,Pendleton,Art Unlimited,King,White,Eco-Wise Wool Solid Blanket,Eco-Wise Wool Solid Blanket - King | J.P. Morgan,70080_King,,,,https://cdn.shopify.com/s/files/1/0258/0883/0522/products/J-08-0-175-70080_King-White-0-E-STD-BLKE.jpg?v=1603987480,,,2-3 Weeks,14 Days,21 Days,,,AU,,https://cdn.shopify.com/s/files/1/0258/0883/0522/files/JPM_White_HEATHER_BLANKET_C210010_Black.jpg?v=1610570735,J.P. Morgan,Black,See Proof,See Proof,Embroidery ,https://cdn.shopify.com/s/files/1/0258/0883/0522/files/JPMORGAN_BLACK.pdf?v=1608221527,Supplier Decorated,1,1,1,175.80,1.50,174.30,228.31,,,,,,,,,,,,,,,,,,,,
C-08-2-175-70080_King-Grey Heather -0-E-STD-BLKE,4584641888314,Supplier/Decorator,Pendleton,Pendleton,Art Unlimited,King,Grey Heather ,Eco-Wise Wool Solid Blanket,Eco-Wise Wool Solid Blanket - King | Chase,70080_King,,,,https://cdn.shopify.com/s/files/1/0258/0883/0522/products/C-08-2-175-70080_King-GreyHeather-0-E-STD-BLKE.jpg?v=1603987287,,,2-3 Weeks,14 Days,21 Days,,,AU,,https://cdn.shopify.com/s/files/1/0258/0883/0522/files/JPM_Grey_HEATHER_BLANKET_C210010_Black.jpg?v=1610570736,Chase Octagon,Black,See Proof,See Proof,Embroidery ,https://cdn.shopify.com/s/files/1/0258/0883/0522/files/CHASE_BLACK.pdf?v=1608221527,Supplier Decorated,1,1,1,175.80,1.50,174.30,228.31,,,,,,,,,,,,,,,,,,,,
 C-08-0-175-70080_King-White-0-E-STD-BLKE,4584641888314,Supplier/Decorator,Pendleton,Pendleton,Art Unlimited,King,White,Eco-Wise Wool Solid Blanket,Eco-Wise Wool Solid Blanket - King | Chase,70080_King,,,,https://cdn.shopify.com/s/files/1/0258/0883/0522/products/C-08-0-175-70080_King-White-0-E-STD-BLKE.jpg?v=1603987287,,,2-3 Weeks,14 Days,21 Days,,,AU,,https://cdn.shopify.com/s/files/1/0258/0883/0522/files/JPM_White_HEATHER_BLANKET_C210010_Black.jpg?v=1610570735,Chase Octagon,Black,See Proof,See Proof,Embroidery ,https://cdn.shopify.com/s/files/1/0258/0883/0522/files/CHASE_BLACK.pdf?v=1608221527,Supplier Decorated,1,1,1,175.80,1.50,174.30,228.31,,,,,,,,,,,,,,,,,,,,
J-08-0-175-70080_Queen-White-0-E-STD-BLKE,4584641200186,Supplier/Decorator,Pendleton,Pendleton,Art Unlimited,Queen,White,Eco-Wise Wool Solid Blanket,Eco-Wise Wool Solid Blanket - Queen | J.P. Morgan,70080_Queen,,,,https://cdn.shopify.com/s/files/1/0258/0883/0522/products/J-08-0-175-70080_Queen-White-0-E-STD-BLKE.jpg?v=1603987058,,,2-3 Weeks,14 Days,21 Days,,,AU,,https://cdn.shopify.com/s/files/1/0258/0883/0522/files/JPM_White_HEATHER_BLANKET_C210010_Black.jpg?v=1610570735,J.P. Morgan,Black,See Proof,See Proof,Embroidery ,https://cdn.shopify.com/s/files/1/0258/0883/0522/files/JPMORGAN_BLACK.pdf?v=1608221527,Supplier Decorated,1,1,1,154.80,1.50,153.30,198.46,,,,,,,,,,,,,,,,,,,,
 J-08-2-175-70080_Queen-Grey Heather -0-E-STD-BLKE,4584641200186,Supplier/Decorator,Pendleton,Pendleton,Art Unlimited,Queen,Grey Heather ,Eco-Wise Wool Solid Blanket,Eco-Wise Wool Solid Blanket - Queen | J.P. Morgan,70080_Queen,,,,https://cdn.shopify.com/s/files/1/0258/0883/0522/products/J-08-2-175-70080_Queen-GreyHeather-0-E-STD-BLKE.jpg?v=1603987058,,,2-3 Weeks,14 Days,21 Days,,,AU,,https://cdn.shopify.com/s/files/1/0258/0883/0522/files/JPM_Grey_HEATHER_BLANKET_C210010_Black.jpg?v=1610570736,J.P. Morgan,Black,See Proof,See Proof,Embroidery ,https://cdn.shopify.com/s/files/1/0258/0883/0522/files/JPMORGAN_BLACK.pdf?v=1608221527,Supplier Decorated,1,1,1,154.80,1.50,153.30,198.46,,,,,,,,,,,,,,,,,,,,
C-08-0-175-70080_Queen-White-0-E-STD-BLKE,4584638939194,Supplier/Decorator,Pendleton,Pendleton,Art Unlimited,Queen,White,Eco-Wise Wool Solid Blanket,Eco-Wise Wool Solid Blanket - Queen | Chase,70080_Queen,,,,https://cdn.shopify.com/s/files/1/0258/0883/0522/products/C-08-0-175-70080_Queen-White-0-E-STD-BLKE.jpg?v=1603986806,,,2-3 Weeks,14 Days,21 Days,,,AU,,https://cdn.shopify.com/s/files/1/0258/0883/0522/files/Chase_White_HEATHER_BLANKET_C210011_Black.jpg?v=1610570786,Chase Octagon,Black,See Proof,See Proof,Embroidery ,https://cdn.shopify.com/s/files/1/0258/0883/0522/files/CHASE_BLACK.pdf?v=1608221527,Supplier Decorated,1,1,1,154.80,1.50,153.30,198.46,,,,,,,,,,,,,,,,,,,,
 C-08-2-175-70080_Queen-Grey Heather -0-E-STD-BLKE,4584638939194,Supplier/Decorator,Pendleton,Pendleton,Art Unlimited,Queen,Grey Heather ,Eco-Wise Wool Solid Blanket,Eco-Wise Wool Solid Blanket - Queen | Chase,70080_Queen,,,,https://cdn.shopify.com/s/files/1/0258/0883/0522/products/C-08-2-175-70080_Queen-GreyHeather-0-E-STD-BLKE.jpg?v=1603986806,,,2-3 Weeks,14 Days,21 Days,,,AU,,https://cdn.shopify.com/s/files/1/0258/0883/0522/files/Chase_Grey_HEATHER_BLANKET_C210011_Black.jpg?v=1610570786,Chase Octagon,Black,See Proof,See Proof,Embroidery ,https://cdn.shopify.com/s/files/1/0258/0883/0522/files/CHASE_BLACK.pdf?v=1608221527,Supplier Decorated,1,1,1,154.80,1.50,153.30,198.46,,,,,,,,,,,,,,,,,,,,
J-08-2-175-70080_Twin-Grey Heather -0-E-STD-BLKE,4584637694010,Supplier/Decorator,Pendleton,Pendleton,Art Unlimited,Twin,Grey Heather ,Eco-Wise Wool Solid Blanket,Eco-Wise Wool Solid Blanket - Twin | J.P. Morgan,70080_Twin,,,,https://cdn.shopify.com/s/files/1/0258/0883/0522/products/J-08-2-175-70080_Twin-GreyHeather-0-E-STD-BLKE.jpg?v=1603986632,,,2-3 Weeks,14 Days,21 Days,,,AU,,https://cdn.shopify.com/s/files/1/0258/0883/0522/files/Chase_Grey_HEATHER_BLANKET_C210011_Black.jpg?v=1610570786,J.P. Morgan,Black,See Proof,See Proof,Embroidery ,https://cdn.shopify.com/s/files/1/0258/0883/0522/files/JPMORGAN_BLACK.pdf?v=1608221527,Supplier Decorated,1,1,1,105.80,1.50,104.30,137.40,,,,,,,,,,,,,,,,,,,,
 J-08-0-175-70080_Twin-White-0-E-STD-BLKE,4584637694010,Supplier/Decorator,Pendleton,Pendleton,Art Unlimited,Twin,White,Eco-Wise Wool Solid Blanket,Eco-Wise Wool Solid Blanket - Twin | J.P. Morgan,70080_Twin,,,,https://cdn.shopify.com/s/files/1/0258/0883/0522/products/J-08-0-175-70080_Twin-White-0-E-STD-BLKE.jpg?v=1603986632,,,2-3 Weeks,14 Days,21 Days,,,AU,,https://cdn.shopify.com/s/files/1/0258/0883/0522/files/Chase_White_HEATHER_BLANKET_C210011_Black.jpg?v=1610570786,J.P. Morgan,Black,See Proof,See Proof,Embroidery ,https://cdn.shopify.com/s/files/1/0258/0883/0522/files/JPMORGAN_BLACK.pdf?v=1608221527,Supplier Decorated,1,1,1,105.80,1.50,104.30,137.40,,,,,,,,,,,,,,,,,,,,
C-08-2-175-70080_Twin-Grey Heather -0-E-STD-BLKE,4584629993530,Supplier/Decorator,Pendleton,Pendleton,Art Unlimited,Twin,Grey Heather ,Eco-Wise Wool Solid Blanket,Eco-Wise Wool Solid Blanket - Twin | Chase,70080_Twin,,,,https://cdn.shopify.com/s/files/1/0258/0883/0522/products/C-08-2-175-70080_Twin-GreyHeather-0-E-STD-BLKE.jpg?v=1603986379,,,2-3 Weeks,14 Days,21 Days,,,AU,,https://cdn.shopify.com/s/files/1/0258/0883/0522/files/Chase_Grey_HEATHER_BLANKET_C210011_Black.jpg?v=1610570786,Chase Octagon,Black,See Proof,See Proof,Embroidery ,https://cdn.shopify.com/s/files/1/0258/0883/0522/files/CHASE_BLACK.pdf?v=1608221527,Supplier Decorated,1,1,1,105.80,1.50,104.30,137.40,,,,,,,,,,,,,,,,,,,,
 C-08-0-175-70080_Twin-White-0-E-STD-BLKE,4584629993530,Supplier/Decorator,Pendleton,Pendleton,Art Unlimited,Twin,White,Eco-Wise Wool Solid Blanket,Eco-Wise Wool Solid Blanket - Twin | Chase,70080_Twin,,,,https://cdn.shopify.com/s/files/1/0258/0883/0522/products/C-08-0-175-70080_Twin-White-0-E-STD-BLKE.jpg?v=1603986379,,,2-3 Weeks,14 Days,21 Days,,,AU,,https://cdn.shopify.com/s/files/1/0258/0883/0522/files/Chase_White_HEATHER_BLANKET_C210011_Black.jpg?v=1610570786,Chase Octagon,Black,See Proof,See Proof,Embroidery ,https://cdn.shopify.com/s/files/1/0258/0883/0522/files/CHASE_BLACK.pdf?v=1608221527,Supplier Decorated,1,1,1,105.80,1.50,104.30,137.40,,,,,,,,,,,,,,,,,,,,
J-01-0-14-49342-Black-0-E-STD-WE,4579760275514,Supplier/Decorator,Driving Impressions,Patagonia,Art Unlimited,55L,Black,Patagoina Black Hole Duffel 55L,Black Hole Duffel 55L | J.P. Morgan,49342-BLK,,,,https://cdn.shopify.com/s/files/1/0258/0883/0522/products/J-01-0-14-49342-Black-0-E-STD-WE.jpg?v=1603408015,,,10-15 Business Days,10 Business Days ,15 Business Days ,,,AU,,https://cdn.shopify.com/s/files/1/0258/0883/0522/files/JPM_Black__Black_Hole_Duffel_55L_C210010_White.jpg?v=1610139557,J.P. Morgan,White,See Proof,See Proof,Embroidery,https://cdn.shopify.com/s/files/1/0258/0883/0522/files/JPMORGAN_WHITE.pdf?v=1608221527,Supplier Decorated,10,51,10,105.75,1.50,104.25,141.00,51,98.80,1.50,97.30,128.31,,,,,,,,,,,,,,,
 J-01-0-14-49342-Classic Navy-0-E-STD-WE,4579760275514,Supplier/Decorator,Driving Impressions,Patagonia,Art Unlimited,55L,Classic Navy,Patagoina Black Hole Duffel 55L,Black Hole Duffel 55L | J.P. Morgan,49342-CNY,,,,https://cdn.shopify.com/s/files/1/0258/0883/0522/products/J-01-0-14-49342-ClassicNavy-0-E-STD-WE.jpg?v=1603408015,,,10-15 Business Days,10 Business Days ,15 Business Days ,,,AU,,https://cdn.shopify.com/s/files/1/0258/0883/0522/files/JPM_Navy__Black_Hole_Duffel_55L_C210010_White.jpg?v=1610139557,J.P. Morgan,White,See Proof,See Proof,Embroidery,https://cdn.shopify.com/s/files/1/0258/0883/0522/files/JPMORGAN_WHITE.pdf?v=1608221527,Supplier Decorated,10,51,10,105.75,1.50,104.25,141.00,51,98.80,1.50,97.30,128.31,,,,,,,,,,,,,,,
C-01-0-14-49342-Black-0-E-STD-WE,4466927337530,Supplier/Decorator,Driving Impressions,Patagonia,Art Unlimited,55L,Black,Patagoina Black Hole Duffel 55L,Black Hole Duffel 55L | Chase,49341-BLK,,,,https://cdn.shopify.com/s/files/1/0258/0883/0522/products/C-01-0-14-49342-Black-0-E-STD-WE.jpg?v=1603407929,,,10-15 Business Days,10 Business Days ,15 Business Days ,,,AU,,https://cdn.shopify.com/s/files/1/0258/0883/0522/files/Chase_Black__Black_Hole_Duffel_55L_C210011_White.jpg?v=1610139540,Chase Octagon,White,See Proof,See Proof,Embroidery,https://cdn.shopify.com/s/files/1/0258/0883/0522/files/CHASE_WHITE.pdf?v=1608221527,Supplier Decorated,10,51,10,105.75,1.50,104.25,141.00,51,98.80,1.50,97.30,128.31,,,,,,,,,,,,,,,
 C-01-0-14-49342-Classic Navy-0-E-STD-WE,4466927337530,Supplier/Decorator,Driving Impressions,Patagonia,Art Unlimited,55L,Classic Navy,Patagoina Black Hole Duffel 55L,Black Hole Duffel 55L | Chase,49341-CNY,,,,https://cdn.shopify.com/s/files/1/0258/0883/0522/products/C-01-0-14-49342-ClassicNavy-0-E-STD-WE.jpg?v=1603407929,,,10-15 Business Days,10 Business Days ,15 Business Days ,,,AU,,https://cdn.shopify.com/s/files/1/0258/0883/0522/files/Chase_Navy__Black_Hole_Duffel_55L_C210011_White.jpg?v=1610139534,Chase Octagon,White,See Proof,See Proof,Embroidery,https://cdn.shopify.com/s/files/1/0258/0883/0522/files/CHASE_WHITE.pdf?v=1608221527,Supplier Decorated,10,51,10,105.75,1.50,104.25,141.00,51,98.80,1.50,97.30,128.31,,,,,,,,,,,,,,,
J-01-0-14-48016-Black-0-E-STD-WE,4579755720762,Supplier/Decorator,Driving Impressions,Patagonia,Art Unlimited,20L,Black,Patagonia Arbor Daypack 20L,Arbor Daypack 20L | J.P. Morgan,48016-BLK,,,,https://cdn.shopify.com/s/files/1/0258/0883/0522/products/J-01-0-14-48016-Black-0-E-STD-WE.jpg?v=1603407169,,,10-15 Business Days,10 Business Days ,15 Business Days ,,,AU,,https://cdn.shopify.com/s/files/1/0258/0883/0522/files/JPM_Black__Arbor_Daypack_20L_C210010_White.jpg?v=1610138713,J.P. Morgan,White,See Proof,See Proof,Embroidery,https://cdn.shopify.com/s/files/1/0258/0883/0522/files/JPMORGAN_WHITE.pdf?v=1608221527,Supplier Decorated,10,51,10,68.25,1.50,66.75,91.00,51,62.60,1.50,61.10,81.30,,,,,,,,,,,,,,,
J-01-0-14-48016-Black-0-E-STD-WE,4466941624378,Supplier/Decorator,Driving Impressions,Patagonia,Art Unlimited,20L,Black,Patagonia Arbor Daypack 20L,Arbor Daypack 20L |Chase,48016-BLK,,,,https://cdn.shopify.com/s/files/1/0258/0883/0522/products/C-01-0-14-48016-Black-0-E-STD-WE.jpg?v=1603407066,,,10-15 Business Days,10 Business Days ,15 Business Days ,,,AU,,https://cdn.shopify.com/s/files/1/0258/0883/0522/files/Chase_Black__Arbor_Daypack_20L_C210011_White.jpg?v=1610138714,Chase Octagon,White,See Proof,See Proof,Embroidery,https://cdn.shopify.com/s/files/1/0258/0883/0522/files/CHASE_WHITE.pdf?v=1608221527,Supplier Decorated,10,51,10,68.25,1.50,66.75,91.00,51,62.60,1.50,61.10,81.30,,,,,,,,,,,,,,,
J-01-0-135-BEDT-15-BK-2-Black-0-E-STD-WE,4576266420282,Supplier/Decorator,Peak Design,Peak Design,Art Unlimited,,Black,Everyday Tote,Everyday Tote | J.P. Morgan,BEDT-15-BK-2,,,,https://cdn.shopify.com/s/files/1/0258/0883/0522/products/J-01-0-135-BEDT-15-BK-2-Black-0-E-STD-WE.jpg?v=1603120745,,,2-3 Weeks,14 Days,21 Days,,,AU,,https://cdn.shopify.com/s/files/1/0258/0883/0522/files/JPM_Black_Everyday_Tote_C210010-White.jpg?v=1610138507,J.P. Morgan,White,See Proof,See Proof,Embroidery,https://cdn.shopify.com/s/files/1/0258/0883/0522/files/JPMORGAN_WHITE.pdf?v=1608221527,Supplier Decorated,4,10,4,98.97,1.50,97.47,131.96,10,91.47,1.50,89.97,121.96,,,,,,,,,,,,,,,
 J-01-0-135-BEDT-15-BO-2-Bone-0-E-STD-BLKE,4576266420282,Supplier/Decorator,Peak Design,Peak Design,Art Unlimited,,Bone,Everyday Tote,Everyday Tote | J.P. Morgan,BEDT-15-BO-2,,,,https://cdn.shopify.com/s/files/1/0258/0883/0522/products/J-01-0-135-BEDT-15-BO-2-Bone-0-E-STD-BLKE.jpg?v=1603120745,,,2-3 Weeks,14 Days,21 Days,,,AU,,https://cdn.shopify.com/s/files/1/0258/0883/0522/files/JPM_Bone_Everyday_Tote_C210010-Black.jpg?v=1610138507,J.P. Morgan,Black,See Proof,See Proof,Embroidery,https://cdn.shopify.com/s/files/1/0258/0883/0522/files/JPMORGAN_BLACK.pdf?v=1608221527,Supplier Decorated,4,10,4,98.97,1.50,97.47,131.96,10,91.47,1.50,89.97,121.96,,,,,,,,,,,,,,,
C-01-0-135-BEDT-15-BK-2-Black-0-E-STD-BE,4481367638074,Supplier/Decorator,Peak Design,Peak Design,Art Unlimited,,Black,Everyday Tote,Everyday Tote | Chase,BEDT-15-BK-2,,,,https://cdn.shopify.com/s/files/1/0258/0883/0522/products/C-01-0-135-BEDT-15-BK-2-Black-0-E-STD-BE.jpg?v=1603120523,,,2-3 Weeks,14 Days,21 Days,,,AU,,https://cdn.shopify.com/s/files/1/0258/0883/0522/files/Chase_Black_Everyday_Tote_C21009-PMS300C.jpg?v=1610138479,Octagon,PMS 300C,See Proof,See Proof,Embroidery,https://cdn.shopify.com/s/files/1/0258/0883/0522/files/CHASE_OCTAGON_BLUE.pdf?v=1608223848,Supplier Decorated,4,10,4,98.97,1.50,97.47,131.96,10,91.47,1.50,89.97,121.96,,,,,,,,,,,,,,,
 C-01-0-135-BEDT-15-BO-2-Bone-0-E-STD-BE,4481367638074,Supplier/Decorator,Peak Design,Peak Design,Art Unlimited,,Bone,Everyday Tote,Everyday Tote | Chase,BEDT-15-BO-2,,,,https://cdn.shopify.com/s/files/1/0258/0883/0522/products/C-01-0-135-BEDT-15-BO-2-Bone-0-E-STD-BE.jpg?v=1603120523,,,2-3 Weeks,14 Days,21 Days,,,AU,,https://cdn.shopify.com/s/files/1/0258/0883/0522/files/Chase_Bone_Everyday_Tote_C21009-PMS300C.jpg?v=1610138479,Octagon,PMS 300C,See Proof,See Proof,Embroidery,https://cdn.shopify.com/s/files/1/0258/0883/0522/files/CHASE_OCTAGON_BLUE.pdf?v=1608223848,Supplier Decorated,4,10,4,98.97,1.50,97.47,131.96,10,91.47,1.50,89.97,121.96,,,,,,,,,,,,,,,
J-01-0-135-BTP-BK-1-Black-0-E-STD-W,4576187449402,Supplier/Decorator,Peak Design,Peak Design,Art Unlimited,,Black,Tech Pouch,Tech Pouch | J.P. Morgan,BTP-BK-1,,,,https://cdn.shopify.com/s/files/1/0258/0883/0522/products/J-01-0-135-BTP-BK-1-Black-0-E-STD-W.jpg?v=1603116221,,,2-3 Weeks,14 Days,21 Days,,,AU,,https://cdn.shopify.com/s/files/1/0258/0883/0522/files/JPM_Black__Tech_Pouch_C210010_White.jpg?v=1610137768,J.P. Morgan,White,See Proof,See Proof,Embroidery,https://cdn.shopify.com/s/files/1/0258/0883/0522/files/JPMORGAN_WHITE.pdf?v=1608221527,Supplier Decorated,4,10,4,40.46,1.50,38.96,53.95,10,37.47,1.50,35.97,49.96,,,,,,,,,,,,,,,
C-01-0-135-BTP-BK-1-Black-0-E-STD-B,4481444479034,Supplier/Decorator,Peak Design,Peak Design,Art Unlimited,,Black,Tech Pouch,Tech Pouch | Chase,BTP-BK-1,,,,https://cdn.shopify.com/s/files/1/0258/0883/0522/products/C-01-0-135-BTP-BK-1-Black-0-E-STD-B.jpg?v=1603115755,,,2-3 Weeks,14 Days,21 Days,,,AU,,https://cdn.shopify.com/s/files/1/0258/0883/0522/files/Chase_Black_Tech_Pouch_C210010_PM300C.jpg?v=1610137768,Octagon,PMS 300C,See Proof,See Proof,Embroidery,https://cdn.shopify.com/s/files/1/0258/0883/0522/files/CHASE_OCTAGON_BLUE.pdf?v=1608223848,Supplier Decorated,4,10,4,40.46,1.50,38.96,53.95,10,37.47,1.50,35.97,49.96,,,,,,,,,,,,,,,
J-01-0-135-BPC-S-CH-1-0-0-E-STD-BLKE,4576168247354,Supplier/Decorator,Peak Design,Peak Design,Art Unlimited,,Charcoal,Packing Cube Small,Packing Cube Small | J.P. Morgan,BPC-S-CH-1,,,,https://cdn.shopify.com/s/files/1/0258/0883/0522/products/J-01-0-135-BPC-S-CH-1-0-0-E-STD-BLK.jpg?v=1603116117,,,2-3 Weeks,14 Days,21 Days,,,AU,,https://cdn.shopify.com/s/files/1/0258/0883/0522/files/JPM_Grey__Packing_Cube_Small_C210010_Black.jpg?v=1610484214,J.P. Morgan,Black,See Proof,See Proof,Embroidery,https://cdn.shopify.com/s/files/1/0258/0883/0522/files/JPMORGAN_BLACK.pdf?v=1608221527,Supplier Decorated,4,10,4,20.96,1.50,19.46,27.95,10,19.47,1.50,17.97,25.96,,,,,,,,,,,,,,,
C-01-0-135-BPC-S-CH-1-0-0-E-STD-BE,4481441235002,Supplier/Decorator,Peak Design,Peak Design,Art Unlimited,,Charcoal,Packing Cube Small,Packing Cube Small | Chase,BPC-S-CH-1,,,,https://cdn.shopify.com/s/files/1/0258/0883/0522/products/C-01-0-135-BPC-S-CH-1-0-0-E-STD-B.jpg?v=1603116058,,,2-3 Weeks,14 Days,21 Days,,,AU,,https://cdn.shopify.com/s/files/1/0258/0883/0522/files/Chase_Grey__Packing_Cube_Small_C21009_PMS300.jpg?v=1610484215,Octagon,PMS 300C,See Proof,See Proof,Embroidery,https://cdn.shopify.com/s/files/1/0258/0883/0522/files/CHASE_OCTAGON_BLUE.pdf?v=1608223848,Supplier Decorated,4,10,4,20.96,1.50,19.46,27.95,10,19.47,1.50,17.97,25.96,,,,,,,,,,,,,,,
J-01-0-135-BPC-M-CH-1-0-0-E-STD-BLK,4576162185274,Supplier/Decorator,Peak Design,Peak Design,Art Unlimited,,Charcoal,Packing Cube Medium,Packing Cube Medium | J.P. Morgan,BPC-M-CH-1,,,,https://cdn.shopify.com/s/files/1/0258/0883/0522/products/J-01-0-135-BPC-M-CH-1-0-0-E-STD-BLK.jpg?v=1603115971,,,2-3 Weeks,14 Days,21 Days,,,AU,,https://cdn.shopify.com/s/files/1/0258/0883/0522/files/JPM_Grey__Packing_Cube_Medium_C210010_Black.jpg?v=1610484357,J.P. Morgan,Black,See Proof,See Proof,Embroidery,https://cdn.shopify.com/s/files/1/0258/0883/0522/files/JPMORGAN_BLACK.pdf?v=1608221527,Supplier Decorated,4,10,4,27.49,1.50,25.99,36.65,10,25.47,1.50,23.97,33.96,,,,,,,,,,,,,,,
C-01-0-135-BPC-M-CH-1-0-0-E-STD-B,4481443037242,Supplier/Decorator,Peak Design,Peak Design,Art Unlimited,,Charcoal,Packing Cube Medium,Packing Cube Medium | Chase,BPC-M-CH-1,,,,https://cdn.shopify.com/s/files/1/0258/0883/0522/products/C-01-0-135-BPC-M-CH-1-0-0-E-STD-B.jpg?v=1603115910,,,2-3 Weeks,14 Days,21 Days,,,AU,,https://cdn.shopify.com/s/files/1/0258/0883/0522/files/Chase_Grey__Packing_Cube_Medium_C21009_PMS300.jpg?v=1610484357,Octagon,PMS 300C,See Proof,See Proof,Embroidery,https://cdn.shopify.com/s/files/1/0258/0883/0522/files/CHASE_OCTAGON_BLUE.pdf?v=1608223848,Supplier Decorated,4,10,4,27.49,1.50,25.99,36.65,10,25.47,1.50,23.97,33.96,,,,,,,,,,,,,,,
J-01-0-135-BEDBZ-15-AS-2-Ash-0-E-STD-BLKE,4574344708154,Supplier/Decorator,Peak Design,Peak Design,Art Unlimited,15L,Ash,Everyday Backpack Zip,Everyday Backpack Zip 15L | J.P. Morgan,BEDBZ-15-AS-2,,,,https://cdn.shopify.com/s/files/1/0258/0883/0522/products/J-01-0-135-BEDBZ-15-AS-2-Ash-0-E-STD-BLKE.jpg?v=1602883152,,,2-3 Weeks,14 Days,21 Days,,,AU,,https://cdn.shopify.com/s/files/1/0258/0883/0522/files/JPM_Ash_Everyday_Backpack_Zip_15L_C210010_Black.jpg?v=1610484758,J.P. Morgan,Black,See Proof,See Proof,Embroidery,https://cdn.shopify.com/s/files/1/0258/0883/0522/files/JPMORGAN_BLACK.pdf?v=1608221527,Supplier Decorated,4,10,4,124.97,1.50,123.47,162.30,10,115.47,1.50,113.97,149.96,,,,,,,,,,,,,,,
 J-01-0-135-BEDBZ-15-BK-2-Black-0-E-STD-WE,4574344708154,Supplier/Decorator,Peak Design,Peak Design,Art Unlimited,15L,Black,Everyday Backpack Zip,Everyday Backpack Zip 15L | J.P. Morgan,BEDBZ-15-BK-2,,,,https://cdn.shopify.com/s/files/1/0258/0883/0522/products/J-01-0-135-BEDBZ-15-BK-2-Black-0-E-STD-WE.jpg?v=1602883152,,,2-3 Weeks,14 Days,21 Days,,,AU,,https://cdn.shopify.com/s/files/1/0258/0883/0522/files/JPM_Black_Everyday_Backpack_Zip_15L_C210010_White.jpg?v=1610484782,J.P. Morgan,White,See Proof,See Proof,Embroidery,https://cdn.shopify.com/s/files/1/0258/0883/0522/files/JPMORGAN_WHITE.pdf?v=1608221527,Supplier Decorated,4,10,4,124.97,1.50,123.47,162.30,10,115.47,1.50,113.97,149.96,,,,,,,,,,,,,,,
 J-01-0-135-BEDBZ-15-MN-2-Bone-0-E-STD-BLKE,4574344708154,Supplier/Decorator,Peak Design,Peak Design,Art Unlimited,15L,Bone,Everyday Backpack Zip,Everyday Backpack Zip 15L | J.P. Morgan,BEDBZ-15-MN-2,,,,https://cdn.shopify.com/s/files/1/0258/0883/0522/products/J-01-0-135-BEDBZ-15-MN-2-Bone-0-E-STD-BLKE.jpg?v=1602883152,,,2-3 Weeks,14 Days,21 Days,,,AU,,https://cdn.shopify.com/s/files/1/0258/0883/0522/files/JPM_Bone_Everyday_Backpack_Zip_15L_C210010_Black.jpg?v=1610484792,J.P. Morgan,Black,See Proof,See Proof,Embroidery,https://cdn.shopify.com/s/files/1/0258/0883/0522/files/JPMORGAN_BLACK.pdf?v=1608221527,Supplier Decorated,4,10,4,124.97,1.50,123.47,162.30,10,115.47,1.50,113.97,149.96,,,,,,,,,,,,,,,
 J-01-0-135-BEDBZ-15-MN-2-Midnight-0-E-STD-WE,4574344708154,Supplier/Decorator,Peak Design,Peak Design,Art Unlimited,15L,Midnight,Everyday Backpack Zip,Everyday Backpack Zip 15L | J.P. Morgan,BEDBZ-15-MN-2,,,,https://cdn.shopify.com/s/files/1/0258/0883/0522/products/J-01-0-135-BEDBZ-15-MN-2-Midnight-0-E-STD-WE.jpg?v=1602883152,,,2-3 Weeks,14 Days,21 Days,,,AU,,https://cdn.shopify.com/s/files/1/0258/0883/0522/files/JPM_Midnight_Everyday_Backpack_Zip_15L_C210010_White.jpg?v=1610484804,J.P. Morgan,White,See Proof,See Proof,Embroidery,https://cdn.shopify.com/s/files/1/0258/0883/0522/files/JPMORGAN_WHITE.pdf?v=1608221527,Supplier Decorated,4,10,4,124.97,1.50,123.47,162.30,10,115.47,1.50,113.97,149.96,,,,,,,,,,,,,,,
C-01-0-135-BEDBZ-15-AS-2-Ash-0-E-STD-BE,4481358889018,Supplier/Decorator,Peak Design,Peak Design,Art Unlimited,15L,Ash,Everyday Backpack Zip,Everyday Backpack Zip 15L | Chase,BEDBZ-15-AS-2,,,,https://cdn.shopify.com/s/files/1/0258/0883/0522/products/C-01-0-135-BEDBZ-15-AS-2-Ash-0-E-STD-BE.jpg?v=1602882685,,,2-3 Weeks,14 Days,21 Days,,,AU,,https://cdn.shopify.com/s/files/1/0258/0883/0522/files/Chase__Ash__Everyday_Backpack_Zip_15L_C21009_PMS300C.jpg?v=1610484988,Octagon,PMS 300C,See Proof,See Proof,Embroidery,https://cdn.shopify.com/s/files/1/0258/0883/0522/files/CHASE_OCTAGON_BLUE.pdf?v=1608223848,Supplier Decorated,4,10,4,124.97,1.50,123.47,162.30,10,115.47,1.50,113.97,149.96,,,,,,,,,,,,,,,
 C-01-0-135-BEDBZ-15-BK-2-Black-0-E-STD-BE,4481358889018,Supplier/Decorator,Peak Design,Peak Design,Art Unlimited,15L,Black,Everyday Backpack Zip,Everyday Backpack Zip 15L | Chase,BEDBZ-15-BK-2,,,,https://cdn.shopify.com/s/files/1/0258/0883/0522/products/C-01-0-135-BEDBZ-15-BK-2-Black-0-E-STD-BE.jpg?v=1602882685,,,2-3 Weeks,14 Days,21 Days,,,AU,,https://cdn.shopify.com/s/files/1/0258/0883/0522/files/Chase__Black__Everyday_Backpack_Zip_15L_C21009_PMS300C.jpg?v=1610485000,Octagon,PMS 300C,See Proof,See Proof,Embroidery,https://cdn.shopify.com/s/files/1/0258/0883/0522/files/CHASE_OCTAGON_BLUE.pdf?v=1608223848,Supplier Decorated,4,10,4,124.97,1.50,123.47,162.30,10,115.47,1.50,113.97,149.96,,,,,,,,,,,,,,,
 C-01-0-135-BEDBZ-15-MN-2-Bone-0-E-STD-BE,4481358889018,Supplier/Decorator,Peak Design,Peak Design,Art Unlimited,15L,Bone,Everyday Backpack Zip,Everyday Backpack Zip 15L | Chase,BEDBZ-15-MN-2,,,,https://cdn.shopify.com/s/files/1/0258/0883/0522/products/C-01-0-135-BEDBZ-15-MN-2-Bone-0-E-STD-BE.jpg?v=1602882685,,,2-3 Weeks,14 Days,21 Days,,,AU,,https://cdn.shopify.com/s/files/1/0258/0883/0522/files/Chase__Bone__Everyday_Backpack_Zip_15L_C21009_PMS300C.jpg?v=1610485012,Octagon,PMS 300C,See Proof,See Proof,Embroidery,https://cdn.shopify.com/s/files/1/0258/0883/0522/files/CHASE_OCTAGON_BLUE.pdf?v=1608223848,Supplier Decorated,4,10,4,124.97,1.50,123.47,162.30,10,115.47,1.50,113.97,149.96,,,,,,,,,,,,,,,
 C-01-0-135-BEDBZ-15-MN-2-Midnight-0-E-STD-BE,4481358889018,Supplier/Decorator,Peak Design,Peak Design,Art Unlimited,15L,Midnight,Everyday Backpack Zip,Everyday Backpack Zip 15L | Chase,BEDBZ-15-MN-2,,,,https://cdn.shopify.com/s/files/1/0258/0883/0522/products/C-01-0-135-BEDBZ-15-MN-2-Midnight-0-E-STD-BE.jpg?v=1602882685,,,2-3 Weeks,14 Days,21 Days,,,AU,,https://cdn.shopify.com/s/files/1/0258/0883/0522/files/Chase__Midnight__Everyday_Backpack_Zip_15L_C21009_PMS300C.jpg?v=1610485022,Octagon,PMS 300C,See Proof,See Proof,Embroidery,https://cdn.shopify.com/s/files/1/0258/0883/0522/files/CHASE_OCTAGON_BLUE.pdf?v=1608223848,Supplier Decorated,4,10,4,124.97,1.50,123.47,162.30,10,115.47,1.50,113.97,149.96,,,,,,,,,,,,,,,
J-01-0-135-BEDM-13-AS-2-Ash-0-E-STD-WE,4574328193082,Supplier/Decorator,Peak Design,Peak Design,Art Unlimited,,Ash,Everyday Messenger,Everyday Messenger | J.P. Morgan,BEDM-13-AS-2,,,,https://cdn.shopify.com/s/files/1/0258/0883/0522/products/J-01-0-135-BEDM-13-AS-2-Ash-0-E-STD-BLKE.jpg?v=1608493310,,,2-3 Weeks,14 Days,21 Days,,,AU,,https://cdn.shopify.com/s/files/1/0258/0883/0522/files/JPM_Ash_Everyday_Messenger_C210010_Black.jpg?v=1610486032,J.P. Morgan,Black,See Proof,See Proof,Embroidery,https://cdn.shopify.com/s/files/1/0258/0883/0522/files/JPMORGAN_BLACK.pdf?v=1608221527,Supplier Decorated,4,10,4,143.97,1.50,142.47,191.96,10,133.47,1.50,131.97,177.96,,,,,,,,,,,,,,,
 J-01-0-135-BEDM-13-BK-2-Black-0-E-STD-BLKE,4574328193082,Supplier/Decorator,Peak Design,Peak Design,Art Unlimited,,Black,Everyday Messenger,Everyday Messenger | J.P. Morgan,BEDM-13-BK-2,,,,https://cdn.shopify.com/s/files/1/0258/0883/0522/products/J-01-0-135-BEDM-13-BK-2-Black-0-E-STD-BLKE.jpg?v=1608493310,,,2-3 Weeks,14 Days,21 Days,,,AU,,https://cdn.shopify.com/s/files/1/0258/0883/0522/files/JPM_Black_Everyday_Messenger_C210010_White.jpg?v=1610486032,J.P. Morgan,White,See Proof,See Proof,Embroidery,https://cdn.shopify.com/s/files/1/0258/0883/0522/files/JPMORGAN_WHITE.pdf?v=1608221527,Supplier Decorated,4,10,4,143.97,1.50,142.47,191.96,10,133.47,1.50,131.97,177.96,,,,,,,,,,,,,,,
C-01-0-135-BEDM-13-AS-2-Ash-0-E-STD-BLKE,4481365639226,Supplier/Decorator,Peak Design,Peak Design,Art Unlimited,,Ash,Everyday Messenger,Everyday Messenger | Chase,BEDM-13-AS-2,,,,https://cdn.shopify.com/s/files/1/0258/0883/0522/products/C-01-0-135-BEDM-13-AS-2-Ash-0-E-STD-BE.jpg?v=1608493173,,,2-3 Weeks,14 Days,21 Days,,,AU,,https://cdn.shopify.com/s/files/1/0258/0883/0522/files/Chase_Ash_Everyday_Messenger_C21009_PMS300C.jpg?v=1610485658,Octagon,PMS 300C,See Proof,See Proof,Embroidery,https://cdn.shopify.com/s/files/1/0258/0883/0522/files/CHASE_OCTAGON_BLUE.pdf?v=1608223848,Supplier Decorated,4,10,4,143.97,1.50,142.47,191.96,10,133.47,1.50,131.97,177.96,,,,,,,,,,,,,,,
 C-01-0-135-BEDM-13-BK-2-Black-0-E-STD-WE,4481365639226,Supplier/Decorator,Peak Design,Peak Design,Art Unlimited,,Black,Everyday Messenger,Everyday Messenger | Chase,BEDM-13-BK-2,,,,https://cdn.shopify.com/s/files/1/0258/0883/0522/products/C-01-0-135-BEDM-13-BK-2-Black-0-E-STD-BE.jpg?v=1608493174,,,2-3 Weeks,14 Days,21 Days,,,AU,,https://cdn.shopify.com/s/files/1/0258/0883/0522/files/Chase_Black_Everyday_Messenger_C21009_PMS300C.jpg?v=1610485658,Octagon,PMS 300C,See Proof,See Proof,Embroidery,https://cdn.shopify.com/s/files/1/0258/0883/0522/files/CHASE_OCTAGON_BLUE.pdf?v=1608223848,Supplier Decorated,4,10,4,143.97,1.50,142.47,191.96,10,133.47,1.50,131.97,177.96,,,,,,,,,,,,,,,
J-01-0-135-BEDTP-20-BK-2-Black-0-E-STD-WE,4574305976378,Supplier/Decorator,Peak Design,Peak Design,Art Unlimited,,Black,Everyday Totepack,Everyday Totepack | J.P. Morgan,BEDTP-20-BK-2,,,,https://cdn.shopify.com/s/files/1/0258/0883/0522/products/J-01-0-135-BEDTP-20-BK-2-Black-0-E-STD-WE.jpg?v=1602879484,,,2-3 Weeks,14 Days,21 Days,,,AU,,https://cdn.shopify.com/s/files/1/0258/0883/0522/files/JPM_Black__Everyday_Totepack_C210010_White.jpg?v=1610486379,J.P. Morgan,White,See Proof,See Proof,Embroidery,https://cdn.shopify.com/s/files/1/0258/0883/0522/files/JPMORGAN_WHITE.pdf?v=1608221527,Supplier Decorated,4,10,4,118.47,1.50,116.97,157.96,10,109.47,1.50,107.97,145.96,,,,,,,,,,,,,,,
 J-01-0-135-BEDTP-20-BO-2-Bone-0-E-STD-BLKE,4574305976378,Supplier/Decorator,Peak Design,Peak Design,Art Unlimited,,Bone,Everyday Totepack,Everyday Totepack | J.P. Morgan,BEDTP-20-BO-2,,,,https://cdn.shopify.com/s/files/1/0258/0883/0522/products/J-01-0-135-BEDTP-20-BO-2-Bone-0-E-STD-BLKE.jpg?v=1602879484,,,2-3 Weeks,14 Days,21 Days,,,AU,,https://cdn.shopify.com/s/files/1/0258/0883/0522/files/JPM_Bone__Everyday_Totepack_C210010_Black.jpg?v=1610486389,J.P. Morgan,Black,See Proof,See Proof,Embroidery,https://cdn.shopify.com/s/files/1/0258/0883/0522/files/JPMORGAN_BLACK.pdf?v=1608221527,Supplier Decorated,4,10,4,118.47,1.50,116.97,157.96,10,109.47,1.50,107.97,145.96,,,,,,,,,,,,,,,
C-01-0-135-BEDTP-20-BK-2-Black-0-E-STD-BE,4481370423354,Supplier/Decorator,Peak Design,Peak Design,Art Unlimited,,Black,Everyday Totepack,Everyday Totepack | Chase,BEDTP-20-BK-2,,,,https://cdn.shopify.com/s/files/1/0258/0883/0522/products/C-01-0-135-BEDTP-20-BK-2-Black-0-E-STD-BE.jpg?v=1602879021,,,2-3 Weeks,14 Days,21 Days,,,AU,,https://cdn.shopify.com/s/files/1/0258/0883/0522/files/Chase_Black__Everyday_Totepack_C21009_PMS300C.jpg?v=1610486353,Octagon,PMS 300C,See Proof,See Proof,Embroidery,https://cdn.shopify.com/s/files/1/0258/0883/0522/files/CHASE_OCTAGON_BLUE.pdf?v=1608223848,Supplier Decorated,4,10,4,118.47,1.50,116.97,157.96,10,109.47,1.50,107.97,145.96,,,,,,,,,,,,,,,
 C-01-0-135-BEDTP-20-BO-2-Bone-0-E-STD-BE,4481370423354,Supplier/Decorator,Peak Design,Peak Design,Art Unlimited,,Bone,Everyday Totepack,Everyday Totepack | Chase,BEDTP-20-BO-2,,,,https://cdn.shopify.com/s/files/1/0258/0883/0522/products/C-01-0-135-BEDTP-20-BO-2-Bone-0-E-STD-BE.jpg?v=1602879021,,,2-3 Weeks,14 Days,21 Days,,,AU,,https://cdn.shopify.com/s/files/1/0258/0883/0522/files/Chase_Bone__Everyday_Totepack_C21009_PMS300C.jpg?v=1610486369,Octagon,PMS 300C,See Proof,See Proof,Embroidery,https://cdn.shopify.com/s/files/1/0258/0883/0522/files/CHASE_OCTAGON_BLUE.pdf?v=1608223848,Supplier Decorated,4,10,4,118.47,1.50,116.97,157.96,10,109.47,1.50,107.97,145.96,,,,,,,,,,,,,,,
J-01-0-135-BEDB-20-AS-2-Ash-0-E-STD-BLKE,4574257610810,Supplier/Decorator,Peak Design,Peak Design,Art Unlimited,20L,Ash,Everyday Backpack,Everyday Backpack 20L | J.P. Morgan,BEDB-20-AS-2,,,,https://cdn.shopify.com/s/files/1/0258/0883/0522/products/J-01-0-135-BEDB-20-AS-2-Ash-0-E-STD-BLKE.jpg?v=1602876101,,,2-3 Weeks,14 Days,21 Days,,,AU,,https://cdn.shopify.com/s/files/1/0258/0883/0522/files/JPM_Ash_Everyday_Backpack_20L__C210010_Black.jpg?v=1610486834,J.P. Morgan,Black,See Proof,See Proof,Embroidery,https://cdn.shopify.com/s/files/1/0258/0883/0522/files/JPMORGAN_BLACK.pdf?v=1608221527,Supplier Decorated,4,10,4,170.47,1.50,168.97,227.29,10,157.47,1.50,155.97,209.96,,,,,,,,,,,,,,,
 J-01-0-135-BEDB-20-BK-2-Black-0-E-STD-BLKE,4574257610810,Supplier/Decorator,Peak Design,Peak Design,Art Unlimited,20L,Black,Everyday Backpack,Everyday Backpack 20L | J.P. Morgan,BEDB-20-BK-2,,,,https://cdn.shopify.com/s/files/1/0258/0883/0522/products/J-01-0-135-BEDB-20-BK-2-Black-0-E-STD-BLKE.jpg?v=1602876101,,,2-3 Weeks,14 Days,21 Days,,,AU,,https://cdn.shopify.com/s/files/1/0258/0883/0522/files/JPM_Black_Everyday_Backpack_20L__C210010_Black.jpg?v=1610486861,J.P. Morgan,Black,See Proof,See Proof,Embroidery,https://cdn.shopify.com/s/files/1/0258/0883/0522/files/JPMORGAN_BLACK.pdf?v=1608221527,Supplier Decorated,4,10,4,170.47,1.50,168.97,227.29,10,157.47,1.50,155.97,209.96,,,,,,,,,,,,,,,
 J-01-0-135-BEDB-20-CH-2-Charcoal-0-E-STD-BLKE,4574257610810,Supplier/Decorator,Peak Design,Peak Design,Art Unlimited,20L,Charcoal,Everyday Backpack,Everyday Backpack 20L | J.P. Morgan,BEDB-20-CH-2,,,,https://cdn.shopify.com/s/files/1/0258/0883/0522/products/J-01-0-135-BEDB-20-CH-2-Charcoal-0-E-STD-BLKE.jpg?v=1602876101,,,2-3 Weeks,14 Days,21 Days,,,AU,,https://cdn.shopify.com/s/files/1/0258/0883/0522/files/JPM_Charcoal_Everyday_Backpack_20L__C210010_Black.jpg?v=1610486872,J.P. Morgan,Black,See Proof,See Proof,Embroidery,https://cdn.shopify.com/s/files/1/0258/0883/0522/files/JPMORGAN_BLACK.pdf?v=1608221527,Supplier Decorated,4,10,4,170.47,1.50,168.97,227.29,10,157.47,1.50,155.97,209.96,,,,,,,,,,,,,,,
 J-01-0-135-BEDB-20-MN-2-Midnight-0-E-STD-BLKE,4574257610810,Supplier/Decorator,Peak Design,Peak Design,Art Unlimited,20L,Midnight,Everyday Backpack,Everyday Backpack 20L | J.P. Morgan,BEDB-20-MN-2,,,,https://cdn.shopify.com/s/files/1/0258/0883/0522/products/J-01-0-135-BEDB-20-MN-2-Midnight-0-E-STD-BLKE.jpg?v=1602876101,,,2-3 Weeks,14 Days,21 Days,,,AU,,https://cdn.shopify.com/s/files/1/0258/0883/0522/files/JPM_Midnight_Everyday_Backpack_20L__C210010_Black.jpg?v=1610486882,J.P. Morgan,Black,See Proof,See Proof,Embroidery,https://cdn.shopify.com/s/files/1/0258/0883/0522/files/JPMORGAN_BLACK.pdf?v=1608221527,Supplier Decorated,4,10,4,170.47,1.50,168.97,227.29,10,157.47,1.50,155.97,209.96,,,,,,,,,,,,,,,
C-01-0-135-BEDB-20-AS-2-Ash-0-E-STD-BE,4481350139962,Supplier/Decorator,Peak Design,Peak Design,Art Unlimited,20L,Ash,Everyday Backpack,Everyday Backpack 20L | Chase,BEDB-20-AS-2,,,,https://cdn.shopify.com/s/files/1/0258/0883/0522/products/C-01-0-135-BEDB-20-AS-2-Ash-0-E-STD-BE.jpg?v=1602875883,,,2-3 Weeks,14 Days,21 Days,,,AU,,https://cdn.shopify.com/s/files/1/0258/0883/0522/files/Chase_Ash_Everyday_Backpack_20L__C21009_PMS300C.jpg?v=1610486894,Octagon,PMS 300C,See Proof,See Proof,Embroidery,https://cdn.shopify.com/s/files/1/0258/0883/0522/files/CHASE_OCTAGON_BLUE.pdf?v=1608223848,Supplier Decorated,4,10,4,170.47,1.50,168.97,227.29,10,157.47,1.50,155.97,209.96,,,,,,,,,,,,,,,
 C-01-0-135-BEDB-20-BK-2-Black-0-E-STD-BE,4481350139962,Supplier/Decorator,Peak Design,Peak Design,Art Unlimited,20L,Black,Everyday Backpack,Everyday Backpack 20L | Chase,BEDB-20-BK-2,,,,https://cdn.shopify.com/s/files/1/0258/0883/0522/products/C-01-0-135-BEDB-20-BK-2-Black-0-E-STD-BE.jpg?v=1602875883,,,2-3 Weeks,14 Days,21 Days,,,AU,,https://cdn.shopify.com/s/files/1/0258/0883/0522/files/Chase_Black_Everyday_Backpack_20L__C21009_PMS300C.jpg?v=1610486903,Octagon,PMS 300C,See Proof,See Proof,Embroidery,https://cdn.shopify.com/s/files/1/0258/0883/0522/files/CHASE_OCTAGON_BLUE.pdf?v=1608223848,Supplier Decorated,4,10,4,170.47,1.50,168.97,227.29,10,157.47,1.50,155.97,209.96,,,,,,,,,,,,,,,
 C-01-0-135-BEDB-20-CH-2-Charcoal-0-E-STD-BE,4481350139962,Supplier/Decorator,Peak Design,Peak Design,Art Unlimited,20L,Charcoal,Everyday Backpack,Everyday Backpack 20L | Chase,BEDB-20-CH-2,,,,https://cdn.shopify.com/s/files/1/0258/0883/0522/products/C-01-0-135-BEDB-20-CH-2-Charcoal-0-E-STD-BE.jpg?v=1602875883,,,2-3 Weeks,14 Days,21 Days,,,AU,,https://cdn.shopify.com/s/files/1/0258/0883/0522/files/Chase_Charcoal_Everyday_Backpack_20L__C21009_PMS300C.jpg?v=1610486915,Octagon,PMS 300C,See Proof,See Proof,Embroidery,https://cdn.shopify.com/s/files/1/0258/0883/0522/files/CHASE_OCTAGON_BLUE.pdf?v=1608223848,Supplier Decorated,4,10,4,170.47,1.50,168.97,227.29,10,157.47,1.50,155.97,209.96,,,,,,,,,,,,,,,
 C-01-0-135-BEDB-20-MN-2-Midnight-0-E-STD-BE,4481350139962,Supplier/Decorator,Peak Design,Peak Design,Art Unlimited,20L,Midnight,Everyday Backpack,Everyday Backpack 20L | Chase,BEDB-20-MN-2,,,,https://cdn.shopify.com/s/files/1/0258/0883/0522/products/C-01-0-135-BEDB-20-MN-2-Midnight-0-E-STD-BE.jpg?v=1602875883,,,2-3 Weeks,14 Days,21 Days,,,AU,,https://cdn.shopify.com/s/files/1/0258/0883/0522/files/Chase_Midnight_Everyday_Backpack_20L__C21009_PMS300C.jpg?v=1610486925,Octagon,PMS 300C,See Proof,See Proof,Embroidery,https://cdn.shopify.com/s/files/1/0258/0883/0522/files/CHASE_OCTAGON_BLUE.pdf?v=1608223848,Supplier Decorated,4,10,4,170.47,1.50,168.97,227.29,10,157.47,1.50,155.97,209.96,,,,,,,,,,,,,,,
J-01-0-116-Tote_Bag-0-0-E-STD-BLK,4574058610746,Supplier/Decorator,Farm Fresh Clothing Co.,Farm Fresh Clothing Co.,Art Unlimited,,,Tote Bag,Farm Fresh Tote Bag | J.P. Morgan,,$9.00 ,,,https://cdn.shopify.com/s/files/1/0258/0883/0522/products/J-01-0-116-Tote_Bag-0-0-E-STD-BLK.jpg?v=1602865334,,,10-15 Business Days,10 Business Days,15 Business Days,,,AU,,https://cdn.shopify.com/s/files/1/0258/0883/0522/files/JPM_Farm_Fresh_Tote_C210010_Black.jpg?v=1611005071,J.P. Morgan,Black,See Proof,See Proof,Screen Print,https://cdn.shopify.com/s/files/1/0258/0883/0522/files/JPMORGAN_BLACK.pdf?v=1608221527,Supplier Decorated,48,200,48,11.69,0.94,10.75,17.95,96,11.54,0.84,10.70,16.98,200,10.81,0.43,10.38,14.83,,,,,,,,,,
C-01-0-116-Tote_Bag-0-0-E-STD-BLK,4574004838458,Supplier/Decorator,Farm Fresh Clothing Co.,Farm Fresh Clothing Co.,Art Unlimited,,,Tote Bag,Farm Fresh Tote Bag | Chase,,$9.00 ,,,https://cdn.shopify.com/s/files/1/0258/0883/0522/products/C-01-0-116-Tote_Bag-0-0-E-STD-BLK.jpg?v=1602861514,,,10-15 Business Days,10 Business Days,15 Business Days,,,AU,,https://cdn.shopify.com/s/files/1/0258/0883/0522/files/Chase_Farm_Fresh_Tote_C210011_Black.jpg?v=1611005071,Chase Octagon,Black,See Proof,See Proof,Screen Print,https://cdn.shopify.com/s/files/1/0258/0883/0522/files/CHASE_BLACK.pdf?v=1608221527,Supplier Decorated,48,200,48,11.69,0.94,10.75,17.95,96,11.54,0.84,10.70,16.98,200,10.81,0.43,10.38,14.83,,,,,,,,,,
C-01-0-30_536-EC8015-Black-0-E-STD-WE,4491695128634,Supplier/Decorator,Alphabroder ,Econscious,Art Unlimited,,Black,Econscious 6.8 oz Hemp Market Tote,Hemp Market Tote | Chase,EC8015,,,,https://cdn.shopify.com/s/files/1/0258/0883/0522/products/C-01-0-30_536-EC8015-Black-0-E-STD-W.jpg?v=1607711804,,,7-10 Business Days,7 Business Days,10 Business Days,,,AU,,https://cdn.shopify.com/s/files/1/0258/0883/0522/files/Chase_Black__Hemp_Market_Tote_C210011_White.jpg?v=1610126257,Chase Octagon,White,See Proof,See Proof,Embroidery,https://cdn.shopify.com/s/files/1/0258/0883/0522/files/CHASE_WHITE.pdf?v=1608221527,Supplier Decorated,6,200,6,8.70,1.50,7.20,13.38,24,8.70,1.50,7.20,12.99,48,8.70,1.50,7.20,12.43,100,8.70,1.50,7.20,11.92,200,8.70,1.50,7.20,11.60
 C-01-0-30_536-EC8015-Charcoal-0-E-STD-WE,4491695128634,Supplier/Decorator,Alphabroder ,Econscious,Art Unlimited,,Charcoal,Econscious 6.8 oz Hemp Market Tote,Hemp Market Tote | Chase,EC8015,,,,https://cdn.shopify.com/s/files/1/0258/0883/0522/products/C-01-0-30_536-EC8015-Charcoal-0-E-STD-W.jpg?v=1607711804,,,7-10 Business Days,7 Business Days,10 Business Days,,,AU,,https://cdn.shopify.com/s/files/1/0258/0883/0522/files/Chase_Charcoal__Hemp_Market_Tote_C210011_White.jpg?v=1610126257,Chase Octagon,White,See Proof,See Proof,Embroidery,https://cdn.shopify.com/s/files/1/0258/0883/0522/files/CHASE_WHITE.pdf?v=1608221527,Supplier Decorated,6,200,6,8.70,1.50,7.20,13.38,24,8.70,1.50,7.20,12.99,48,8.70,1.50,7.20,12.43,100,8.70,1.50,7.20,11.92,200,8.70,1.50,7.20,11.60
 C-01-0-30_536-EC8015-Natural-0-E-STD-BLKE,4491695128634,Supplier/Decorator,Alphabroder ,Econscious,Art Unlimited,,Natural,Econscious 6.8 oz Hemp Market Tote,Hemp Market Tote | Chase,EC8015,,,,https://cdn.shopify.com/s/files/1/0258/0883/0522/products/C-01-0-30_536-EC8015-Natural-0-E-STD-BLK.jpg?v=1607711804,,,7-10 Business Days,7 Business Days,10 Business Days,,,AU,,https://cdn.shopify.com/s/files/1/0258/0883/0522/files/Chase_Natural__Hemp_Market_Tote_C210011_Black.jpg?v=1610126257,Chase Octagon,Black,See Proof,See Proof,Embroidery,https://cdn.shopify.com/s/files/1/0258/0883/0522/files/CHASE_BLACK.pdf?v=1608221527,Supplier Decorated,6,200,6,8.70,1.50,7.20,13.38,24,8.70,1.50,7.20,12.99,48,8.70,1.50,7.20,12.43,100,8.70,1.50,7.20,11.92,200,8.70,1.50,7.20,11.60
 C-01-0-30_536-EC8015-Navy-0-E-STD-WE,4491695128634,Supplier/Decorator,Alphabroder ,Econscious,Art Unlimited,,Navy,Econscious 6.8 oz Hemp Market Tote,Hemp Market Tote | Chase,EC8015,,,,https://cdn.shopify.com/s/files/1/0258/0883/0522/products/C-01-0-30_536-EC8015-Navy-0-E-STD-W.jpg?v=1607711804,,,7-10 Business Days,7 Business Days,10 Business Days,,,AU,,https://cdn.shopify.com/s/files/1/0258/0883/0522/files/Chase_Navy__Hemp_Market_Tote_C210011_White.jpg?v=1610126257,Chase Octagon,White,See Proof,See Proof,Embroidery,https://cdn.shopify.com/s/files/1/0258/0883/0522/files/CHASE_WHITE.pdf?v=1608221527,Supplier Decorated,6,200,6,8.70,1.50,7.20,13.38,24,8.70,1.50,7.20,12.99,48,8.70,1.50,7.20,12.43,100,8.70,1.50,7.20,11.92,200,8.70,1.50,7.20,11.60
J-01-0-30_536-EC8001-Black-0-E-STD-WE,4569431146554,Supplier/Decorator,Alphabroder ,Econscious,Art Unlimited,,Black,Econscious Organic Cotton Large Twill Tote,Organic Cotton Large Twill Tote | J.P. Morgan,EC8001,,,,https://cdn.shopify.com/s/files/1/0258/0883/0522/products/J-01-0-30_536-EC8001-Black-0-E-STD-WE.jpg?v=1602212764,,,7-10 Business Days,7 Business Days,10 Business Days,,,AU,,https://cdn.shopify.com/s/files/1/0258/0883/0522/files/JPM_Black__Organic_Cotton_Large_Twill_Tote_C210010_White.jpg?v=1610470863,J.P. Morgan,White,See Proof,See Proof,Embroidery,https://cdn.shopify.com/s/files/1/0258/0883/0522/files/JPMORGAN_WHITE.pdf?v=1608221527,Supplier Decorated,6,200,6,7.49,1.50,5.99,11.52,24,7.49,1.50,5.99,11.18,48,7.49,1.50,5.99,10.70,100,7.49,1.50,5.99,10.26,200,7.49,1.50,5.99,9.99
J-01-0-30_536-EC8001-Oyster-0-E-STD-BLKE,4569431146554,Supplier/Decorator,Alphabroder ,Econscious,Art Unlimited,,Oyster,Econscious Organic Cotton Large Twill Tote,Organic Cotton Large Twill Tote | J.P. Morgan,EC8001,,,,https://cdn.shopify.com/s/files/1/0258/0883/0522/products/J-01-0-30_536-EC8001-Oyster-0-E-STD-BLKE.jpg?v=1602212764,,,7-10 Business Days,7 Business Days,10 Business Days,,,AU,,https://cdn.shopify.com/s/files/1/0258/0883/0522/files/JPM_Oyster__Organic_Cotton_Large_Twill_Tote_C210010_Black.jpg?v=1610470863,J.P. Morgan,Black,See Proof,See Proof,Embroidery,https://cdn.shopify.com/s/files/1/0258/0883/0522/files/JPMORGAN_BLACK.pdf?v=1608221527,Supplier Decorated,6,200,6,7.49,1.50,5.99,11.52,24,7.49,1.50,5.99,11.18,48,7.49,1.50,5.99,10.70,100,7.49,1.50,5.99,10.26,200,7.49,1.50,5.99,9.99
C-01-0-30_536-EC8001-Black-0-E-STD-BE,4498220023866,Supplier/Decorator,Alphabroder ,Econscious,Art Unlimited,,Black,Econscious Organic Cotton Large Twill Tote,Organic Cotton Large Twill Tote | Chase,EC8001,,,,https://cdn.shopify.com/s/files/1/0258/0883/0522/products/C-01-0-30_536-EC8001-Black-0-E-STD-WE.jpg?v=1602212673,,,7-10 Business Days,7 Business Days,10 Business Days,,,AU,,https://cdn.shopify.com/s/files/1/0258/0883/0522/files/Chase_Black__Organic_Cotton_Large_Twill_Tote_C21009_PMS300C.jpg?v=1610140613,Octagon,PMS 300,See Proof,See Proof ,Embroidery,https://cdn.shopify.com/s/files/1/0258/0883/0522/files/CHASE_OCTAGON_BLUE.pdf?v=1608223848,Supplier Decorated,6,200,6,7.49,1.50,5.99,11.52,24,7.49,1.50,5.99,11.18,48,7.49,1.50,5.99,10.70,100,7.49,1.50,5.99,10.26,200,7.49,1.50,5.99,9.99
C-01-0-30_536-EC8001-Oyster-0-E-STD-BE,4498220023866,Supplier/Decorator,Alphabroder ,Econscious,Art Unlimited,,Oyster,Econscious Organic Cotton Large Twill Tote,Organic Cotton Large Twill Tote | Chase,EC8001,,,,https://cdn.shopify.com/s/files/1/0258/0883/0522/products/C-01-0-30_536-EC8001-Oyster-0-E-STD-BLKE.jpg?v=1602212673,,,7-10 Business Days,7 Business Days,10 Business Days,,,AU,,https://cdn.shopify.com/s/files/1/0258/0883/0522/files/Chase_Oyster__Organic_Cotton_Large_Twill_Tote_C21009_PMS300C.jpg?v=1610140613,Octagon,PMS 300,See Proof,See Proof ,Embroidery,https://cdn.shopify.com/s/files/1/0258/0883/0522/files/CHASE_OCTAGON_BLUE.pdf?v=1608223848,Supplier Decorated,6,200,6,7.49,1.50,5.99,11.52,24,7.49,1.50,5.99,11.18,48,7.49,1.50,5.99,10.70,100,7.49,1.50,5.99,10.26,200,7.49,1.50,5.99,9.99
J-01-0-14-F1974372-Black-0-E-STD-WE,4572054290490,Supplier/Decorator,Driving Impressions,STATE,Art Unlimited,,Black,STATE Bags Felix- F1974372,Felix Duffel Bag | J.P. Morgan,F1974372,,,,https://cdn.shopify.com/s/files/1/0258/0883/0522/products/J-01-0-14-F1974372-Black-0-E-STD-WE.jpg?v=1602556109,,,10-12 Business Days ,10 Business Days ,12 Business Days ,,,AU,,https://cdn.shopify.com/s/files/1/0258/0883/0522/files/JPM_Black_Felix_Duffel_Bag_C210010_White.jpg?v=1610487137,J.P. Morgan,White,See Proof,See Proof,Embroidery,https://cdn.shopify.com/s/files/1/0258/0883/0522/files/JPMORGAN_WHITE.pdf?v=1608221527,Supplier Decorated,6,192,6,81.50,1.50,80.00,121.64,24,81.50,1.50,80.00,116.43,48,81.50,1.50,80.00,111.64,96,81.50,1.50,80.00,105.84,192,81.50,1.50,80.00,101.88
C-01-0-14-F1974372-Black-0-E-STD-WE,4466879725626,Supplier/Decorator,Driving Impressions,STATE,Art Unlimited,,Black,STATE Bags Felix- F1974372,Felix Duffel Bag | Chase,F1974372,,,,https://cdn.shopify.com/s/files/1/0258/0883/0522/products/C-01-0-14-F1974372-Black-0-E-STD-BE.jpg?v=1607970949,,,10-12 Business Days ,10 Business Days ,12 Business Days ,,,AU,,https://cdn.shopify.com/s/files/1/0258/0883/0522/files/Chase_Black_Felix_Duffel_Bag_C210010_PMS300C.jpg?v=1610487137,Octagon,PMS 300C,See Proof,See Proof,Embroidery,https://cdn.shopify.com/s/files/1/0258/0883/0522/files/CHASE_OCTAGON_BLUE.pdf?v=1608223848,Supplier Decorated,6,192,6,81.50,1.50,80.00,121.64,24,81.50,1.50,80.00,116.43,48,81.50,1.50,80.00,111.64,96,81.50,1.50,80.00,105.84,192,81.50,1.50,80.00,101.88
J-01-0-14-X1062209-Black-0-E-STD-WE,4572052422714,Supplier/Decorator,Driving Impressions,STATE,Art Unlimited,,Black,STATE Bags Franklin,Franklin Duffel Bag | J.P. Morgan,X1062209,,,,https://cdn.shopify.com/s/files/1/0258/0883/0522/products/J-01-0-14-X1062209-Black-0-E-STD-WE.jpg?v=1602555724,,,10-12 Business Days ,10 Business Days ,12 Business Days ,,,AU,,https://cdn.shopify.com/s/files/1/0258/0883/0522/files/JPM__Black_Franklin_Duffel_Bag_C210010_White.jpg?v=1610487317,J.P. Morgan,White,See Proof,See Proof,Embroidery,https://cdn.shopify.com/s/files/1/0258/0883/0522/files/JPMORGAN_WHITE.pdf?v=1608221527,Supplier Decorated,6,192,6,123.75,1.50,122.25,184.70,24,123.75,1.50,122.25,176.79,48,123.75,1.50,122.25,169.52,96,123.75,1.50,122.25,165.43,192,123.75,1.50,122.25,159.06
C-01-0-14-X1062209-Black-0-E-STD-WE,4466883395642,Supplier/Decorator,Driving Impressions,STATE,Art Unlimited,,Black,STATE Bags Franklin,Franklin Duffel Bag | Chase,X1062209,,,,https://cdn.shopify.com/s/files/1/0258/0883/0522/products/C-01-0-14-X1062209-Black-0-E-STD-WE.jpg?v=1602555715,,,10-12 Business Days ,10 Business Days ,12 Business Days ,,,AU,,https://cdn.shopify.com/s/files/1/0258/0883/0522/files/Chase_Black_Franklin_Duffel_Bag_C21009_PMS300C.jpg?v=1610487317,Octagon,PMS 300C,See Proof,See Proof,Embroidery ,https://cdn.shopify.com/s/files/1/0258/0883/0522/files/CHASE_OCTAGON_BLUE.pdf?v=1608223848,Supplier Decorated,6,192,6,123.75,1.50,122.25,184.70,24,123.75,1.50,122.25,176.79,48,123.75,1.50,122.25,169.52,96,123.75,1.50,122.25,165.43,192,123.75,1.50,122.25,159.06
J-01-0-154-Standard_Pack-Black-0-E-STD-WE,4571375075386,Supplier/Decorator,Topo,Topo,Art Unlimited,,Black,Standard Pack,Standard Pack | J.P. Morgan,,,,,https://cdn.shopify.com/s/files/1/0258/0883/0522/products/J-01-0-154-Standard_Pack-Black-0-E-STD-WE.jpg?v=1602469108,,,10-15 Business Days,10 Business Days ,15 Business Days,,,AU,,https://cdn.shopify.com/s/files/1/0258/0883/0522/files/JPM_Black_Standard_Pack_C210010_White.jpg?v=1610487540,J.P. Morgan,White,See Proof,See Proof,Embroidery,https://cdn.shopify.com/s/files/1/0258/0883/0522/files/JPMORGAN_WHITE.pdf?v=1608221527,Supplier Decorated,6,192,6,63.40,1.50,61.90,97.54,24,61.90,1.50,60.40,92.39,48,61.90,1.50,60.40,84.79,96,61.90,1.50,60.40,82.80,192,61.90,1.50,60.40,80.39
C-01-0-154-Standard_Pack-Black-0-E-STD-WE,4458676944954,Supplier/Decorator,Topo,Topo,Art Unlimited,,Black,Standard Pack,Standard Pack | Chase,,,,,https://cdn.shopify.com/s/files/1/0258/0883/0522/products/C-01-0-154-Standard_Pack-Black-0-E-STD-WE.jpg?v=1602469039,,,10-15 Business Days,10 Business Days ,15 Business Days,,,AU,,https://cdn.shopify.com/s/files/1/0258/0883/0522/files/Chase_Black_Standard_Pack_C210011_White.jpg?v=1610487540,Chase Octagon,White,See Proof,See Proof,Embroidery,https://cdn.shopify.com/s/files/1/0258/0883/0522/files/CHASE_WHITE.pdf?v=1608221527,Supplier Decorated,6,192,6,63.40,1.50,61.90,97.54,24,61.90,1.50,60.40,92.39,48,61.90,1.50,60.40,84.79,96,61.90,1.50,60.40,82.80,192,61.90,1.50,60.40,80.39
J-01-0-154-Rover_Pack_Classic-Black-0-E-STD-WE,4571368620090,Supplier/Decorator,Topo,Topo,Art Unlimited,,Black,Rover Pack Classic,Rover Pack Classic | J.P. Morgan,,,,,https://cdn.shopify.com/s/files/1/0258/0883/0522/products/J-01-0-154-Rover_Pack_Classic-Black-0-E-STD-WE.jpg?v=1602468358,,,10-15 Business Days,10 Business Days ,15 Business Days,,,AU,,https://cdn.shopify.com/s/files/1/0258/0883/0522/files/JPM_Black_Rover_Pack_Classic_C210010_White.jpg?v=1610487735,J.P. Morgan,White,See Proof,See Proof,Embroidery,https://cdn.shopify.com/s/files/1/0258/0883/0522/files/JPMORGAN_WHITE.pdf?v=1608221527,Supplier Decorated,6,192,6,63.40,1.50,61.90,99.05,24,61.90,1.50,60.40,92.39,48,61.90,1.50,60.40,88.43,96,61.90,1.50,60.40,85.07,192,61.90,1.50,60.40,82.53
C-01-0-154-Rover_Pack_Classic-Black-0-E-STD-WE,4458663477306,Supplier/Decorator,Topo,Topo,Art Unlimited,,Black,Rover Pack Classic,Rover Pack Classic | Chase,,,,,https://cdn.shopify.com/s/files/1/0258/0883/0522/products/C-01-0-154-Rover_Pack_Classic-Black-0-E-STD-WE.jpg?v=1602468265,,,10-15 Business Days,10 Business Days ,15 Business Days,,,AU,,https://cdn.shopify.com/s/files/1/0258/0883/0522/files/Chase_Black_Rover_Pack_Classic_C210011_White.jpg?v=1610487735,Chase Octagon,White,See Proof,See Proof,Embroidery,https://cdn.shopify.com/s/files/1/0258/0883/0522/files/CHASE_WHITE.pdf?v=1608221527,Supplier Decorated,6,192,6,63.40,1.50,61.90,99.05,24,61.90,1.50,60.40,92.39,48,61.90,1.50,60.40,88.43,96,61.90,1.50,60.40,85.07,192,61.90,1.50,60.40,82.53
J-01-0-154-Commuter_Briefcase-Black-0-E-STD-WE,4571362918458,Supplier/Decorator,Topo,Topo,Art Unlimited,,Black,Commuter Briefcase,Commuter Briefcase | J.P. Morgan,,,,,https://cdn.shopify.com/s/files/1/0258/0883/0522/products/J-01-0-154-Commuter_Briefcase-Black-0-E-STD-WE.jpg?v=1602467020,,,10-15 Business Days,10 Business Days ,15 Business Days,,,AU,,https://cdn.shopify.com/s/files/1/0258/0883/0522/files/JPM_Black__Commuter_Briefcase_C210010_White.jpg?v=1610488397,J.P. Morgan,White,See Proof,See Proof,Embroidery,https://cdn.shopify.com/s/files/1/0258/0883/0522/files/JPMORGAN_WHITE.pdf?v=1608221527,Supplier Decorated,6,192,6,123.40,1.50,121.90,192.81,24,121.90,1.50,120.40,186.09,48,121.90,1.50,120.40,178.00,96,121.90,1.50,120.40,162.53,192,121.90,1.50,120.40,158.31
C-01-0-154-Commuter_Briefcase-Black-0-E-STD-WE,4478283579450,Supplier/Decorator,Topo,Topo,Art Unlimited,,Black,Commuter Briefcase,Commuter Briefcase | Chase,,,,,https://cdn.shopify.com/s/files/1/0258/0883/0522/products/C-01-0-154-Commuter_Briefcase-Black-0-E-STD-WE.jpg?v=1602466922,,,10-15 Business Days,10 Business Days ,15 Business Days,,,AU,,https://cdn.shopify.com/s/files/1/0258/0883/0522/files/Chase_Black__Commuter_Briefcase_C210011_White.jpg?v=1610488397,Chase Octagon,White,See Proof,See Proof,Embroidery,https://cdn.shopify.com/s/files/1/0258/0883/0522/files/CHASE_WHITE.pdf?v=1608221527,Supplier Decorated,6,192,6,123.40,1.50,121.90,192.81,24,121.90,1.50,120.40,186.09,48,121.90,1.50,120.40,178.00,96,121.90,1.50,120.40,162.53,192,121.90,1.50,120.40,158.38
J-01-0-154-Global_Briefcase-Black-0-E-STD-WE,4571352825914,Supplier/Decorator,Topo,Topo,Art Unlimited,,Black,Global Briefcase,Global Briefcase | J.P. Morgan,,,,,https://cdn.shopify.com/s/files/1/0258/0883/0522/products/J-01-0-154-Global_Briefcase-Black-0-E-STD-WE.jpg?v=1602465180,,,10-15 Business Days,10 Business Days ,15 Business Days,,,AU,,https://cdn.shopify.com/s/files/1/0258/0883/0522/files/JPM_Black__Global_Briefcase_C210010_White.jpg?v=1610569374,J.P. Morgan,White,See Proof,See Proof,Embroidery,https://cdn.shopify.com/s/files/1/0258/0883/0522/files/JPMORGAN_WHITE.pdf?v=1608221527,Supplier Decorated,6,192,6,81.40,1.50,79.90,116.29,24,79.90,1.50,78.40,114.14,48,79.90,1.50,78.40,109.45,96,79.90,1.50,78.40,106.53,192,79.90,1.50,78.40,103.77
 J-01-0-154-Global_Briefcase-Charcoal-0-E-STD-WE,4571352825914,Supplier/Decorator,Topo,Topo,Art Unlimited,,Charcoal,Global Briefcase,Global Briefcase | J.P. Morgan,,,,,https://cdn.shopify.com/s/files/1/0258/0883/0522/products/J--0-154-Global_Briefcase-Charcoal-0-E-STD-WE.jpg?v=1602465181,,,10-15 Business Days,10 Business Days ,15 Business Days,,,AU,,https://cdn.shopify.com/s/files/1/0258/0883/0522/files/JPM_Charcoal_Global_Briefcase_C210010_White.jpg?v=1610636321,J.P. Morgan,White,See Proof,See Proof,Embroidery,https://cdn.shopify.com/s/files/1/0258/0883/0522/files/JPMORGAN_WHITE.pdf?v=1608221527,Supplier Decorated,6,192,6,81.40,1.50,79.90,116.29,24,79.90,1.50,78.40,114.14,48,79.90,1.50,78.40,109.45,96,79.90,1.50,78.40,106.53,192,79.90,1.50,78.40,103.77
C-01-0-154-Global_Briefcase-Black-0-E-STD-WE,4478287446074,Supplier/Decorator,Topo,Topo,Art Unlimited,,Black,Global Briefcase,Global Briefcase | Chase,,,,,https://cdn.shopify.com/s/files/1/0258/0883/0522/products/C-01-0-154-Global_Briefcase-Black-0-E-STD-WE.jpg?v=1602465082,,,10-15 Business Days,10 Business Days ,15 Business Days,,,AU,,https://cdn.shopify.com/s/files/1/0258/0883/0522/files/Chase_Black__Global_Briefcase_C210011_White.jpg?v=1610569374,Chase Octagon,White,See Proof,See Proof,Embroidery,https://cdn.shopify.com/s/files/1/0258/0883/0522/files/CHASE_WHITE.pdf?v=1608221527,Supplier Decorated,6,192,6,81.40,1.50,79.90,116.29,24,79.90,1.50,78.40,114.14,48,79.90,1.50,78.40,109.45,96,79.90,1.50,78.40,106.53,192,79.90,1.50,78.40,103.77
 C--0-154-Global_Briefcase-Charcoal-0-E-STD-WE,4478287446074,Supplier/Decorator,Topo,Topo,Art Unlimited,,Charcoal,Global Briefcase,Global Briefcase | Chase,,,,,https://cdn.shopify.com/s/files/1/0258/0883/0522/products/C--0-154-Global_Briefcase-Charcoal-0-E-STD-WE.jpg?v=1602465084,,,10-15 Business Days,10 Business Days ,15 Business Days,,,AU,,https://cdn.shopify.com/s/files/1/0258/0883/0522/files/Chase_Charcoal_Global_Briefcase_C210011_White.jpg?v=1610636321,Chase Octagon,White,See Proof,See Proof,Embroidery,https://cdn.shopify.com/s/files/1/0258/0883/0522/files/CHASE_WHITE.pdf?v=1608221527,Supplier Decorated,6,192,6,81.40,1.50,79.90,116.29,24,79.90,1.50,78.40,114.14,48,79.90,1.50,78.40,109.45,96,79.90,1.50,78.40,106.53,192,79.90,1.50,78.40,103.77
J-01-0-154-Rover_Pack_Premium-Black-0-E-STD-WE,4571339620410,Supplier/Decorator,Topo,Topo,Art Unlimited,,Black,Rover Pack Premium,Rover Pack Premium | J.P. Morgan,,,,,https://cdn.shopify.com/s/files/1/0258/0883/0522/products/J-01-0-154-Rover_Pack_Premium-Black-0-E-STD-WE.jpg?v=1602462951,,,10-15 Business Days,10 Business Days ,15 Business Days,,,AU,,https://cdn.shopify.com/s/files/1/0258/0883/0522/files/JPM_Black__Rover_Pack_Premium_C210010_White.jpg?v=1610569604,J.P. Morgan,White,See Proof,See Proof,Embroidery,https://cdn.shopify.com/s/files/1/0258/0883/0522/files/JPMORGAN_WHITE.pdf?v=1608221527,Supplier Decorated,6,192,6,105.40,1.50,103.90,157.31,24,103.90,1.50,102.40,148.43,48,103.90,1.50,102.40,142.33,96,103.90,1.50,102.40,138.53,192,103.90,1.50,102.40,134.94
C-01-0-154-Rover_Pack_Premium-Black-0-E-STD-WE,4478293901370,Supplier/Decorator,Topo,Topo,Art Unlimited,,Black,Rover Pack Premium,Rover Pack Premium | Chase,,,,,https://cdn.shopify.com/s/files/1/0258/0883/0522/products/C-01-0-154-Rover_Pack_Premium-Black-0-E-STD-WE.jpg?v=1602462839,,,10-15 Business Days,10 Business Days ,15 Business Days,,,AU,,https://cdn.shopify.com/s/files/1/0258/0883/0522/files/Chase_Black__Rover_Pack_Premium_C210011_White.jpg?v=1610569604,Chase Octagon,White,See Proof,See Proof,Embroidery,https://cdn.shopify.com/s/files/1/0258/0883/0522/files/CHASE_WHITE.pdf?v=1608221527,Supplier Decorated,6,192,6,105.40,1.50,103.90,157.31,24,103.90,1.50,102.40,148.43,48,103.90,1.50,102.40,142.33,96,103.90,1.50,102.40,138.53,192,103.90,1.50,102.40,134.94
J-01-0-154-Rover_Pack_Tech-Black-0-E-STD-WE,4571333951546,Supplier/Decorator,Topo,Topo,Art Unlimited,,Black,Rover Pack Tech,Rover Pack Tech | J.P. Morgan,,,,,https://cdn.shopify.com/s/files/1/0258/0883/0522/products/J-01-0-154-Rover_Pack_Tech-Black-0-E-STD-WE.jpg?v=1602461634,,,10-15 Business Days,10 Business Days ,15 Business Days,,,AU,,https://cdn.shopify.com/s/files/1/0258/0883/0522/files/JPM_Black__Rover_Pack_Tech_C210010_White.jpg?v=1610569809,J.P. Morgan,White,See Proof,See Proof,Embroidery,https://cdn.shopify.com/s/files/1/0258/0883/0522/files/JPMORGAN_WHITE.pdf?v=1608221527,Supplier Decorated,12,192,12,81.40,1.50,79.90,116.29,24,79.90,1.50,78.40,114.14,48,79.90,1.50,78.40,109.45,96,79.90,1.50,78.40,106.53,192,79.90,1.50,78.40,103.77
 J-01-0-154-Rover_Pack_Tech-Charcoal-0-E-STD-WE,4571333951546,Supplier/Decorator,Topo,Topo,Art Unlimited,,Charcoal,Rover Pack Tech,Rover Pack Tech | J.P. Morgan,,,,,https://cdn.shopify.com/s/files/1/0258/0883/0522/products/J-01-0-154-Rover_Pack_Tech-Charcoal-0-E-STD-WE.jpg?v=1602461634,,,10-15 Business Days,10 Business Days ,15 Business Days,,,AU,,https://cdn.shopify.com/s/files/1/0258/0883/0522/files/JPM_Charcoal__Rover_Pack_Tech_C210010_White.jpg?v=1610569810,J.P. Morgan,White,See Proof,See Proof,Embroidery,https://cdn.shopify.com/s/files/1/0258/0883/0522/files/JPMORGAN_WHITE.pdf?v=1608221527,Supplier Decorated,12,192,12,81.40,1.50,79.90,116.29,24,79.90,1.50,78.40,114.14,48,79.90,1.50,78.40,109.45,96,79.90,1.50,78.40,106.53,192,79.90,1.50,78.40,103.77
 J-01-0-154-Rover_Pack_Tech-Navy-0-E-STD-WE,4571333951546,Supplier/Decorator,Topo,Topo,Art Unlimited,,Navy,Rover Pack Tech,Rover Pack Tech | J.P. Morgan,,,,,https://cdn.shopify.com/s/files/1/0258/0883/0522/products/J-01-0-154-Rover_Pack_Tech-Navy-0-E-STD-WE.jpg?v=1602461634,,,10-15 Business Days,10 Business Days ,15 Business Days,,,AU,,https://cdn.shopify.com/s/files/1/0258/0883/0522/files/JPM_Navy__Rover_Pack_Tech_C210010_White.jpg?v=1610569810,J.P. Morgan,White,See Proof,See Proof,Embroidery,https://cdn.shopify.com/s/files/1/0258/0883/0522/files/JPMORGAN_WHITE.pdf?v=1608221527,Supplier Decorated,12,192,12,81.40,1.50,79.90,116.29,24,79.90,1.50,78.40,114.14,48,79.90,1.50,78.40,109.45,96,79.90,1.50,78.40,106.53,192,79.90,1.50,78.40,103.77
C-01-0-154-Rover_Pack_Tech-Black-0-E-STD-WE,4478294687802,Supplier/Decorator,Topo,Topo,Art Unlimited,,Black,Rover Pack Tech,Rover Pack Tech | Chase,,,,,https://cdn.shopify.com/s/files/1/0258/0883/0522/products/C-01-0-154-Rover_Pack_Tech-Black-0-E-STD-WE.jpg?v=1602461508,,,10-15 Business Days,10 Business Days ,15 Business Days,,,AU,,https://cdn.shopify.com/s/files/1/0258/0883/0522/files/Chase_Black__Rover_Pack_Tech_C210011_White.jpg?v=1610569836,Chase Octagon,White,See Proof,See Proof,Embroidery,https://cdn.shopify.com/s/files/1/0258/0883/0522/files/CHASE_WHITE.pdf?v=1608221527,Supplier Decorated,12,192,12,81.40,1.50,79.90,116.29,24,79.90,1.50,78.40,114.14,48,79.90,1.50,78.40,109.45,96,79.90,1.50,78.40,106.53,192,79.90,1.50,78.40,103.77
 C-01-0-154-Rover_Pack_Tech-Charcoal-0-E-STD-WE,4478294687802,Supplier/Decorator,Topo,Topo,Art Unlimited,,Charcoal,Rover Pack Tech,Rover Pack Tech | Chase,,,,,https://cdn.shopify.com/s/files/1/0258/0883/0522/products/C-01-0-154-Rover_Pack_Tech-Charcoal-0-E-STD-WE.jpg?v=1602461508,,,10-15 Business Days,10 Business Days ,15 Business Days,,,AU,,https://cdn.shopify.com/s/files/1/0258/0883/0522/files/Chase_Charcoal__Rover_Pack_Tech_C210011_White.jpg?v=1610569836,Chase Octagon,White,See Proof,See Proof,Embroidery,https://cdn.shopify.com/s/files/1/0258/0883/0522/files/CHASE_WHITE.pdf?v=1608221527,Supplier Decorated,12,192,12,81.40,1.50,79.90,116.29,24,79.90,1.50,78.40,114.14,48,79.90,1.50,78.40,109.45,96,79.90,1.50,78.40,106.53,192,79.90,1.50,78.40,103.77
 C-01-0-154-Rover_Pack_Tech-Navy-0-E-STD-WE,4478294687802,Supplier/Decorator,Topo,Topo,Art Unlimited,,Navy,Rover Pack Tech,Rover Pack Tech | Chase,,,,,https://cdn.shopify.com/s/files/1/0258/0883/0522/products/C-01-0-154-Rover_Pack_Tech-Navy-0-E-STD-WE.jpg?v=1602461507,,,10-15 Business Days,10 Business Days ,15 Business Days,,,AU,,https://cdn.shopify.com/s/files/1/0258/0883/0522/files/Chase_Navy__Rover_Pack_Tech_C210011_White.jpg?v=1610569836,Chase Octagon,White,See Proof,See Proof,Embroidery,https://cdn.shopify.com/s/files/1/0258/0883/0522/files/CHASE_WHITE.pdf?v=1608221527,Supplier Decorated,12,192,12,81.40,1.50,79.90,116.29,24,79.90,1.50,78.40,114.14,48,79.90,1.50,78.40,109.45,96,79.90,1.50,78.40,106.53,192,79.90,1.50,78.40,103.77
J-01-0-154-Y_Pack-Black-0-E-STD-WE,4571327955002,Supplier/Decorator,Topo,Topo,Art Unlimited,,Black,Y Pack,Y-Pack | J.P. Morgan,,,,,https://cdn.shopify.com/s/files/1/0258/0883/0522/products/J-01-0-154-Y_Pack-Black-0-E-STD-WE.jpg?v=1602460157,,,10-15 Business Days,10 Business Days ,15 Business Days,,,AU,,https://cdn.shopify.com/s/files/1/0258/0883/0522/files/JPM_Black__Y_PACK_C210010_White.jpg?v=1610570065,J.P. Morgan,White,See Proof,See Proof,Embroidery,https://cdn.shopify.com/s/files/1/0258/0883/0522/files/JPMORGAN_WHITE.pdf?v=1608221527,Supplier Decorated,6,192,6,51.40,1.50,49.90,76.72,24,49.90,1.50,48.40,71.29,48,49.90,1.50,48.40,68.36,96,49.90,1.50,48.40,66.40,192,49.90,1.50,48.40,64.81
 J-01-0-154-Y_Pack-Navy-0-E-STD-WE,4571327955002,Supplier/Decorator,Topo,Topo,Art Unlimited,,Navy,Y Pack,Y-Pack | J.P. Morgan,,,,,https://cdn.shopify.com/s/files/1/0258/0883/0522/products/J-01-0-154-Y_Pack-Navy-0-E-STD-WE.jpg?v=1602460159,,,10-15 Business Days,10 Business Days ,15 Business Days,,,AU,,https://cdn.shopify.com/s/files/1/0258/0883/0522/files/JPM_Navy__Y_PACK_C210010_White.jpg?v=1610570065,J.P. Morgan,White,See Proof,See Proof,Embroidery,https://cdn.shopify.com/s/files/1/0258/0883/0522/files/JPMORGAN_WHITE.pdf?v=1608221527,Supplier Decorated,6,192,6,51.40,1.50,49.90,76.72,24,49.90,1.50,48.40,71.29,48,49.90,1.50,48.40,68.36,96,49.90,1.50,48.40,66.40,192,49.90,1.50,48.40,64.81
C-01-0-154-Y_Pack-Black-0-E-STD-WE,4478298947642,Supplier/Decorator,Topo,Topo,Art Unlimited,,Black,Y Pack,Y-Pack | Chase,,,,,https://cdn.shopify.com/s/files/1/0258/0883/0522/products/C-01-0-154-Y_Pack-Black-0-E-STD-WE.jpg?v=1602460037,,,10-15 Business Days,10 Business Days ,15 Business Days,,,AU,,https://cdn.shopify.com/s/files/1/0258/0883/0522/files/Chase_Black__Y_PACK_C210011_White.jpg?v=1610570082,Chase Octagon,White,See Proof,See Proof,Embroidery,https://cdn.shopify.com/s/files/1/0258/0883/0522/files/CHASE_WHITE.pdf?v=1608221527,Supplier Decorated,6,192,6,51.40,1.50,49.90,76.72,24,49.90,1.50,48.40,71.29,48,49.90,1.50,48.40,68.36,96,49.90,1.50,48.40,66.40,192,49.90,1.50,48.40,64.81
 C-01-0-154-Y_Pack-Navy-0-E-STD-WE,4478298947642,Supplier/Decorator,Topo,Topo,Art Unlimited,,Navy,Y Pack,Y-Pack | Chase,,,,,https://cdn.shopify.com/s/files/1/0258/0883/0522/products/C-01-0-154-Y_Pack-Navy-0-E-STD-WE.jpg?v=1602460040,,,10-15 Business Days,10 Business Days ,15 Business Days,,,AU,,https://cdn.shopify.com/s/files/1/0258/0883/0522/files/Chase_Navy__Y_PACK_C210011_White.jpg?v=1610570082,Chase Octagon,White,See Proof,See Proof,Embroidery,https://cdn.shopify.com/s/files/1/0258/0883/0522/files/CHASE_WHITE.pdf?v=1608221527,Supplier Decorated,6,192,6,51.40,1.50,49.90,76.72,24,49.90,1.50,48.40,71.29,48,49.90,1.50,48.40,68.36,96,49.90,1.50,48.40,66.40,192,49.90,1.50,48.40,64.81
J-01-0-30_536-EC8000-Black-0-E-STD-WE,4569422757946,Supplier/Decorator,Alphabroder ,Econscious,Art Unlimited,,Black,Econscious Organic Cotton Twill Everyday Tote,Organic Cotton Twill Everyday Tote | J.P. Morgan,EC8000,,,,https://cdn.shopify.com/s/files/1/0258/0883/0522/products/J-01-0-30_536-EC8000-Black-0-E-STD-WBE.jpg?v=1602212019,,,7-10 Business Days,7 Business Days ,10 Business Days ,,,AU,,https://cdn.shopify.com/s/files/1/0258/0883/0522/files/JPM_Black_Organic_Cotton_Twill_Everyday_Tote_C210010_White.jpg?v=1610570313,J.P. Morgan,White,See Proof,See Proof,Embroidery,https://cdn.shopify.com/s/files/1/0258/0883/0522/files/JPMORGAN_WHITE.pdf?v=1608221527,Supplier Decorated,6,200,6,6.85,1.50,5.35,11.95,24,6.85,1.50,5.35,11.38,48,6.85,1.50,5.35,10.70,100,6.85,1.50,5.35,10.24,200,6.85,1.50,5.35,9.82
 J-01-0-30_536-EC8000-Oyster-0-E-STD-BLKE,4569422757946,Supplier/Decorator,Alphabroder ,Econscious,Art Unlimited,,Oyster,Econscious Organic Cotton Twill Everyday Tote,Organic Cotton Twill Everyday Tote | J.P. Morgan,EC8000,,,,https://cdn.shopify.com/s/files/1/0258/0883/0522/products/J-01-0-30_536-EC8000-Oyster-0-E-STD-WE.jpg?v=1602212019,,,7-10 Business Days,7 Business Days ,10 Business Days ,,,AU,,https://cdn.shopify.com/s/files/1/0258/0883/0522/files/JPM_Natural_Organic_Cotton_Twill_Everyday_Tote_C210010_Black.jpg?v=1610570313,J.P. Morgan,Black,See Proof,See Proof,Embroidery,https://cdn.shopify.com/s/files/1/0258/0883/0522/files/JPMORGAN_BLACK.pdf?v=1608221527,Supplier Decorated,6,200,6,6.85,1.50,5.35,11.95,24,6.85,1.50,5.35,11.38,48,6.85,1.50,5.35,10.70,100,6.85,1.50,5.35,10.24,200,6.85,1.50,5.35,9.82
C-01-0-30_536-EC8000-Black-0-E-STD-BE,4498215895098,Supplier/Decorator,Alphabroder ,Econscious,Art Unlimited,,Black,Econscious Organic Cotton Twill Everyday Tote,Organic Cotton Twill Everyday Tote | Chase,EC8000,,,,https://cdn.shopify.com/s/files/1/0258/0883/0522/products/C-01-0-30_536-EC8000-Black-0-E-STD-WBE.jpg?v=1602211894,,,7-10 Business Days,7 Business Days ,10 Business Days ,,,AU,,https://cdn.shopify.com/s/files/1/0258/0883/0522/files/Chase_Black_Organic_Cotton_Twill_Everyday_Tote_C21009_PMS300C.jpg?v=1610570328,Octagon,PMS 300,See Proof,See Proof ,Screen Print,https://cdn.shopify.com/s/files/1/0258/0883/0522/files/CHASE_OCTAGON_BLUE.pdf?v=1608223848,Supplier Decorated,6,200,6,6.85,1.50,5.35,11.95,24,6.85,1.50,5.35,11.38,48,6.85,1.50,5.35,10.70,100,6.85,1.50,5.35,10.24,200,6.85,1.50,5.35,9.82
 C-01-0-30_536-EC8000-Oyster-0-E-STD-BE,4498215895098,Supplier/Decorator,Alphabroder ,Econscious,Art Unlimited,,Oyster,Econscious Organic Cotton Twill Everyday Tote,Organic Cotton Twill Everyday Tote | Chase,EC8000,,,,https://cdn.shopify.com/s/files/1/0258/0883/0522/products/C-01-0-30_536-EC8000-Oyster-0-E-STD-WE.jpg?v=1602211895,,,7-10 Business Days,7 Business Days ,10 Business Days ,,,AU,,https://cdn.shopify.com/s/files/1/0258/0883/0522/files/Chase_Natural_Organic_Cotton_Twill_Everyday_Tote_C21009_PMS300C.jpg?v=1610570328,Octagon,PMS 300,See Proof,See Proof ,Screen Print,https://cdn.shopify.com/s/files/1/0258/0883/0522/files/CHASE_OCTAGON_BLUE.pdf?v=1608223848,Supplier Decorated,6,200,6,6.85,1.50,5.35,11.95,24,6.85,1.50,5.35,11.38,48,6.85,1.50,5.35,10.70,100,6.85,1.50,5.35,10.24,200,6.85,1.50,5.35,9.82
J-01-0-2_501-9004-03-0-0-E-STD-WE,4584181432378,Supplier/Decorator,PCNA - Leeds,Alternative Apparel,Art Unlimited,,Charcoal,Alternative Premium Cotton Weekender,Premium Cotton Weekender Tote | J.P. Morgan,9004-03,,,,https://cdn.shopify.com/s/files/1/0258/0883/0522/products/J-01-0-2_501-9004-03-0-0-E-STD-WE.jpg?v=1603906839,,,7-10 Business Days,7 Business Days ,10 Business Days ,,,AU,,https://cdn.shopify.com/s/files/1/0258/0883/0522/files/JPM_Premium_Weekender_Tote_C210010_White.jpg?v=1611008508,J.P. Morgan,White,See Proof,See Proof,Embroidery,https://cdn.shopify.com/s/files/1/0258/0883/0522/files/JPMORGAN_WHITE.pdf?v=1608221527,Supplier Decorated,6,100,6,38.69,1.50,37.19,55.27,20,38.69,1.50,37.19,53.00,100,38.69,1.50,37.19,51.59,,,,,,,,,,
C-01-0-2_501-9004-03-0-0-E-STD-WE,4464069804090,Supplier/Decorator,PCNA - Leeds,Alternative Apparel,Art Unlimited,,Charcoal,Alternative Premium Cotton Weekender,Premium Cotton Weekender Tote | Chase,9004-03,,,,https://cdn.shopify.com/s/files/1/0258/0883/0522/products/C-01-0-2_501-9004-03-0-0-E-STD-WE.jpg?v=1603906822,,,7-10 Business Days,7 Business Days ,10 Business Days ,,,AU,,https://cdn.shopify.com/s/files/1/0258/0883/0522/files/Chase_Premium_Weekender_Tote_C210011_White.jpg?v=1611008508,Chase Octagon,White,See Proof,See Proof,Embroidery,https://cdn.shopify.com/s/files/1/0258/0883/0522/files/CHASE_WHITE.pdf?v=1608221527,Supplier Decorated,6,100,6,38.69,1.50,37.19,55.27,20,38.69,1.50,37.19,53.00,100,38.69,1.50,37.19,51.59,,,,,,,,,,
,,,,,,,,,,,,,,,,,,,,,,,,,,,,,,,,,,,,,,,,,,,,,,,,,,,,,,,,,,
,,,,,,,,,,,,,,,,,,,,,,,,,,,,,,,,,,,,,,,,,,,,,,,,,,,,,,,,,,
,,,,,,,,,,,,,,,,,,,,,,,,,,,,,,,,,,,,,,,,,,,,,,,,,,,,,,,,,,
,,,,,,,,,,,,,,,,,,,,,,,,,,,,,,,,,,,,,,,,,,,,,,,,,,,,,,,,,,
,,,,,,,,,,,,,,,,,,,,,,,,,,,,,,,,,,,,,,,,,,,,,,,,,,,,,,,,,,
,,,,,,,,,,,,,,,,,,,,,,,,,,,,,,,,,,,,,,,,,,,,,,,,,,,,,,,,,,
,,,,,,,,,,,,,,,,,,,,,,,,,,,,,,,,,,,,,,,,,,,,,,,,,,,,,,,,,,
,,,,,,,,,,,,,,,,,,,,,,,,,,,,,,,,,,,,,,,,,,,,,,,,,,,,,,,,,,
,,,,,,,,,,,,,,,,,,,,,,,,,,,,,,,,,,,,,,,,,,,,,,,,,,,,,,,,,,
,,,,,,,,,,,,,,,,,,,,,,,,,,,,,,,,,,,,,,,,,,,,,,,,,,,,,,,,,,
,,,,,,,,,,,,,,,,,,,,,,,,,,,,,,,,,,,,,,,,,,,,,,,,,,,,,,,,,,
,,,,,,,,,,,,,,,,,,,,,,,,,,,,,,,,,,,,,,,,,,,,,,,,,,,,,,,,,,
,,,,,,,,,,,,,,,,,,,,,,,,,,,,,,,,,,,,,,,,,,,,,,,,,,,,,,,,,,
,,,,,,,,,,,,,,,,,,,,,,,,,,,,,,,,,,,,,,,,,,,,,,,,,,,,,,,,,,
,,,,,,,,,,,,,,,,,,,,,,,,,,,,,,,,,,,,,,,,,,,,,,,,,,,,,,,,,,
,,,,,,,,,,,,,,,,,,,,,,,,,,,,,,,,,,,,,,,,,,,,,,,,,,,,,,,,,,
